"","Afatinib.down","Afatinib.up","Neratinib.down","Neratinib.up"
"Aaas",0,0,1,0
"Aacs",1,0,1,0
"Aamdc",0,0,0,1
"Abat",0,0,0,1
"Abca1",0,1,0,0
"Abca12",0,1,0,0
"Abca2",0,1,0,1
"Abca5",0,1,0,0
"Abca7",0,1,0,1
"Abca8b",0,1,0,0
"Abcb1b",0,0,1,0
"Abcb9",0,0,1,0
"Abcc12",0,0,0,1
"Abcc3",0,1,0,0
"Abcd1",0,1,0,1
"Abce1",1,0,1,0
"Abcf2",0,0,1,0
"Abhd14b",0,1,0,1
"Abhd18",0,1,0,1
"Abhd3",0,1,0,1
"Abhd4",0,1,0,1
"Abhd6",0,1,0,1
"Ablim1",1,0,1,0
"Ablim2",0,0,0,1
"Abtb1",0,1,0,1
"Acaa1a",0,1,0,1
"Acaca",1,0,1,0
"Acacb",0,1,0,1
"Acad10",0,1,0,1
"Acad11",0,0,0,1
"Acad12",0,1,0,1
"Acat2",1,0,1,0
"Accs",0,0,0,1
"Acer2",0,1,0,0
"Ackr3",0,1,0,1
"Acly",1,0,1,0
"Acot1",0,1,0,1
"Acot11",0,0,0,1
"Acot2",0,1,0,0
"Acot3",0,1,0,0
"Acot6",0,0,0,1
"Acot7",1,0,1,0
"Acox3",0,1,0,1
"Acp2",0,1,0,1
"Acsbg1",0,1,0,0
"Acsf2",0,0,0,1
"Acsl3",0,0,0,1
"Acsl5",0,0,1,0
"Acss2",0,0,0,1
"Acta2",0,0,0,1
"Actb",1,0,1,0
"Actl6a",0,0,1,0
"Actn4",0,0,1,0
"Acvr2a",0,0,0,1
"Acy3",0,1,0,0
"Acyp1",0,0,0,1
"Adam11",0,0,0,1
"Adam12",0,0,1,0
"Adam15",0,0,0,1
"Adam19",0,0,0,1
"Adam5",0,0,0,1
"Adam8",0,0,1,0
"Adamts1",0,0,1,0
"Adamts14",1,0,1,0
"Adamts4",0,0,0,1
"Adamts6",0,1,0,0
"Adamts7",0,0,0,1
"Adamts9",1,0,1,0
"Adamtsl1",0,1,0,0
"Adamtsl3",0,0,0,1
"Adamtsl4",0,0,0,1
"Adat3",1,0,1,0
"Adck2",0,1,0,1
"Adcy7",0,0,1,0
"Adcy9",0,1,0,1
"Add1",0,0,0,1
"Adgra1",1,0,1,0
"Adgra2",0,0,1,0
"Adgrb1",0,1,0,1
"Adgrg5",0,0,0,1
"Adgrl3",0,0,0,1
"Adgrv1",1,0,1,0
"Adh1",0,1,0,1
"Adh7",0,1,0,1
"Adhfe1",0,1,0,1
"Adra1d",0,0,0,1
"Adrb2",0,1,0,1
"Aebp1",0,1,0,1
"Afap1l2",0,0,0,1
"Aff2",1,0,0,0
"Agap2",0,1,0,1
"Agbl3",0,0,0,1
"Agbl5",0,1,0,1
"Ager",0,0,0,1
"Agmo",0,1,0,1
"Ago2",1,0,0,0
"Ago4",0,1,0,1
"Agpat4",0,0,0,1
"Agrn",0,1,0,1
"Ahcy",1,0,1,0
"Ahcyl",1,0,1,0
"Ahdc1",0,0,0,1
"Ahnak",0,0,0,1
"Ahnak2",0,1,0,1
"Ahr",0,1,0,1
"Ahsa1",0,0,1,0
"Aimp2",1,0,1,0
"Aipl1",0,0,0,1
"Ajm1",0,0,0,1
"Ajuba",1,0,0,0
"Ak1",0,0,0,1
"Ak2",1,0,1,0
"Ak4",1,0,1,0
"Ak5",0,0,0,1
"Ak6",0,0,1,0
"Akap6",0,0,1,0
"Akap7",0,0,0,1
"Akap8l",0,0,0,1
"Akr1b10",0,1,0,1
"Akr1c14",0,1,0,1
"Aldh18a1",0,0,1,0
"Aldh1a1",0,1,0,1
"Aldh1a7",0,1,0,1
"Aldh1b1",0,1,0,1
"Aldh1l1",0,0,0,1
"Aldh1l2",1,0,1,0
"Aldh3a1",0,1,0,1
"Aldh3b1",0,1,0,1
"Aldh4a1",0,0,0,1
"Aldh6a1",0,1,0,1
"Alg1",0,1,0,0
"Alg13",0,0,1,0
"Alg3",0,0,1,0
"Alpk1",0,1,0,1
"Alpl",1,0,1,0
"Als2cl",0,0,1,0
"Alyref",1,0,1,0
"Amd1",0,0,1,0
"Amdhd1",0,0,1,0
"Amigo1",0,1,0,0
"Amigo2",0,0,1,0
"Ammecr1",0,0,1,0
"Ampd2",0,0,1,0
"Amy1",0,0,0,1
"Ang",0,1,0,0
"Angpt1",0,1,0,1
"Angpt4",0,0,1,0
"Angptl4",0,1,0,0
"Angptl6",0,0,1,0
"Ank",0,1,0,1
"Ankle1",1,0,1,0
"Ankrd1",1,0,1,0
"Ankrd13a",1,0,0,0
"Ankrd26",0,0,1,0
"Ankrd27",0,0,1,0
"Ankrd28",0,0,0,1
"Ankrd35",0,0,0,1
"Ankrd37",0,0,0,1
"Ankrd66",0,0,1,0
"Anks1b",0,0,0,1
"Anln",1,0,1,0
"Ano3",0,0,0,1
"Anp32b",0,0,1,0
"Anp32e",0,0,1,0
"Anpep",0,0,0,1
"Anxa1",0,0,0,1
"Anxa2",1,0,1,0
"Anxa3",1,0,1,0
"Anxa5",1,0,1,0
"Anxa8",0,0,0,1
"Aopep",0,1,0,1
"Aox1",0,1,0,1
"Aox4",0,1,0,1
"Ap1s1",0,0,1,0
"Ap1s3",0,0,1,0
"Ap3b2",0,0,0,1
"Ap3m2",0,0,0,1
"Apba1",0,1,0,1
"Apbb1",0,0,0,1
"Apc2",0,0,0,1
"Apcdd1",0,0,1,0
"Apex2",0,0,1,0
"Aph1b",0,1,0,1
"Aph1c",0,1,0,1
"Apobr",0,0,1,0
"Apod",0,1,0,1
"Apoe",0,1,0,1
"Apol8",0,1,0,0
"Apol9a",0,1,0,1
"Apol9b",0,1,0,1
"App",0,1,0,1
"Appl2",0,1,0,1
"Aqp11",0,0,0,1
"Aqp3",0,1,0,1
"Aqp5",1,0,1,0
"Aqp8",0,0,1,0
"Ar",0,0,0,1
"Arap3",0,0,1,0
"Arc",0,0,1,0
"Areg",1,0,1,0
"Arhgap11a",1,0,1,0
"Arhgap18",0,0,1,0
"Arhgap19",1,0,1,0
"Arhgap22",1,0,1,0
"Arhgap24",0,1,0,1
"Arhgap29",1,0,1,0
"Arhgap31",1,0,0,0
"Arhgap33",0,0,1,0
"Arhgap45",0,1,0,1
"Arhgap6",0,1,0,1
"Arhgap9",0,0,1,0
"Arhgdib",1,0,1,0
"Arhgef15",0,0,0,1
"Arhgef18",0,0,0,1
"Arhgef19",0,0,0,1
"Arhgef25",0,0,0,1
"Arhgef33",0,1,0,1
"Arhgef39",0,0,1,0
"Arhgef6",0,1,0,1
"Arhgef9",0,0,0,1
"Arid5a",1,0,1,0
"Arl4c",0,0,0,1
"Arl5a",1,0,1,0
"Arl6ip5",0,0,0,1
"Armc2",0,0,0,1
"Armcx6",0,0,1,0
"Arrdc2",0,1,0,1
"Arrdc3",0,1,0,1
"Arsa",0,1,0,0
"Arsj",1,0,0,0
"Arsk",0,1,0,1
"Artn",0,0,0,1
"Arxes2",1,0,1,0
"Asah2",0,0,0,1
"Asap2",1,0,1,0
"Asap3",0,1,0,1
"Asf1b",1,0,1,0
"Asns",1,0,1,0
"Aspm",1,0,1,0
"Ass1",0,1,0,1
"Atad2",1,0,1,0
"Atad5",1,0,1,0
"Atf3",0,1,0,0
"Atf4",0,0,1,0
"Atf6b",0,0,1,0
"Atf7ip2",1,0,1,0
"Atg14",0,1,0,1
"Atg9b",0,1,0,1
"Atic",0,0,1,0
"Atl1",0,1,0,1
"Atoh8",0,1,0,1
"Atosa",0,1,0,1
"Atosb",0,0,0,1
"Atp10a",0,0,1,0
"Atp13a3",0,0,0,1
"Atp13a4",0,0,1,0
"Atp1a3",0,0,0,1
"Atp1b2",0,0,0,1
"Atp2a1",0,0,0,1
"Atp2a3",1,0,1,0
"Atp2b4",0,0,0,1
"Atp6v1g2",0,1,0,1
"Atp7a",0,1,0,1
"Atp8a1",0,1,0,0
"Atraid",0,1,0,1
"Aunip",1,0,1,0
"Aurka",1,0,1,0
"Aurkb",1,0,1,0
"Aven",0,0,1,0
"Avil",1,0,1,0
"Awat2",0,0,1,0
"Axin2",0,1,0,1
"Azin1",0,0,1,0
"Azin2",0,1,0,1
"B2m",0,1,0,1
"B3galt4",0,1,0,0
"B3galt9",0,1,0,0
"B3gnt3",1,0,1,0
"B3gnt5",0,1,0,0
"B4galnt1",0,1,0,1
"B4galt5",1,0,1,0
"Bach1",0,0,0,1
"Bambi",1,0,1,0
"Banf1",0,0,1,0
"Bard1",1,0,1,0
"Batf2",0,1,0,0
"Bbs10",0,1,0,1
"Bbs2",0,0,0,1
"Bbs4",0,1,0,1
"Bbs9",0,0,0,1
"Bcar1",1,0,1,0
"Bcar3",0,0,0,1
"Bcat1",1,0,1,0
"Bccip",0,0,1,0
"Bckdha",0,1,0,1
"Bcl2",0,0,0,1
"Bcl2l11",0,1,0,1
"Bcl6",0,1,0,1
"Bco2",0,0,0,1
"Bdh2",0,1,0,1
"Bean1",0,0,1,0
"Bend3",0,0,1,0
"Best1",0,1,0,0
"Bglap2",0,1,0,0
"Bhlhe22",0,0,1,0
"Bhlhe40",0,0,0,1
"Bhlhe41",0,1,0,1
"Bicc1",0,1,0,1
"Bicdl1",0,0,0,1
"Birc5",1,0,1,0
"Blm",1,0,1,0
"Bmf",0,1,0,1
"Bmp4",0,0,0,1
"Bmp7",0,1,0,0
"Bmper",1,0,0,0
"Bnip3",0,1,0,1
"Bok",1,0,0,0
"Bop1",0,0,1,0
"Bora",1,0,1,0
"Borcs6",0,0,0,1
"Bphl",0,1,0,1
"Brca1",1,0,1,0
"Brca2",0,0,1,0
"Brdt",0,1,0,1
"Brip1",1,0,1,0
"Bst2",0,1,0,1
"Btbd17",0,1,0,1
"Btbd19",0,0,0,1
"Btbd2",0,0,0,1
"Btbd3",0,0,0,1
"Btbd8",0,0,0,1
"Btg2",0,1,0,1
"Btnl10",0,1,0,0
"Bub1",1,0,1,0
"Bub1b",1,0,1,0
"Bysl",1,0,1,0
"Bzw2",0,0,1,0
"C1qtnf1",0,0,0,1
"C1qtnf2",0,0,0,1
"C1qtnf6",0,1,0,0
"C1ra",0,1,0,1
"C1rb",0,1,0,1
"C1rl",0,1,0,1
"C1s1",0,1,0,1
"C1s2",0,1,0,1
"C2cd4c",0,0,0,1
"C3",0,1,0,1
"C4b",0,1,0,1
"C8g",0,0,0,1
"Cabp2",0,1,0,0
"Cacna1a",0,0,0,1
"Cacna1h",0,1,0,1
"Cacna2d3",0,0,1,0
"Cacnb1",0,0,0,1
"Cacnb3",0,0,0,1
"Cacng7",0,1,0,0
"Cacng8",0,0,1,0
"Cacybp",0,0,1,0
"Cad",1,0,1,0
"Cadm4",0,1,0,1
"Calcoco1",0,1,0,1
"Calcrl",0,0,1,0
"Calm1",1,0,1,0
"Calr",1,0,1,0
"Calr3",0,0,1,0
"Camk1d",0,0,0,1
"Camk1g",0,1,0,1
"Camk2b",0,0,0,1
"Camk2n1",0,1,0,1
"Capn1",0,0,0,1
"Capn6",0,0,0,1
"Capns1",1,0,1,0
"Caprin2",0,1,0,1
"Car11",0,1,0,1
"Car12",0,0,1,0
"Car5b",0,0,0,1
"Car7",0,0,0,1
"Card10",0,0,1,0
"Card14",1,0,1,0
"Carmil1",0,1,0,1
"Carmil3",0,1,0,1
"Carns1",0,0,0,1
"Caskin1",0,0,0,1
"Casp1",0,1,0,1
"Casp12",0,1,0,1
"Casp4",0,1,0,0
"Casp8ap2",0,0,1,0
"Casq2",0,1,0,1
"Casr",0,1,0,1
"Castor2",0,0,0,1
"Catsper2",0,0,0,1
"Catsperg1",0,0,0,1
"Cav1",1,0,0,0
"Cavin1",1,0,0,0
"Cbfa2t3",0,0,0,1
"Cbln1",1,0,1,0
"Cbln3",0,0,0,1
"Cbx5",1,0,0,0
"Cbx6",1,0,1,0
"Cbx7",0,0,0,1
"Ccbe1",1,0,1,0
"Ccdc13",0,1,0,1
"Ccdc148",0,0,0,1
"Ccdc159",0,0,0,1
"Ccdc17",0,1,0,1
"Ccdc18",0,0,1,0
"Ccdc194",0,1,0,1
"Ccdc24",0,0,0,1
"Ccdc3",0,1,0,1
"Ccdc34",1,0,1,0
"Ccdc39",0,0,0,1
"Ccdc65",0,0,0,1
"Ccdc73",0,1,0,1
"Ccdc80",0,0,0,1
"Ccdc86",1,0,1,0
"Ccdc87",0,0,0,1
"Ccdc88c",0,0,1,0
"Ccdc91",0,0,1,0
"Ccdc92b",0,1,0,1
"Ccl17",0,0,1,0
"Ccl2",0,1,0,1
"Ccl27a",0,0,0,1
"Ccl5",0,1,0,0
"Ccl7",0,0,0,1
"Ccn1",0,0,0,1
"Ccn4",0,0,0,1
"Ccn5",0,1,0,0
"Ccna2",1,0,1,0
"Ccnb1",1,0,1,0
"Ccnb2",1,0,1,0
"Ccnd1",1,0,1,0
"Ccndbp1",0,0,0,1
"Ccne1",1,0,1,0
"Ccne2",1,0,1,0
"Ccnf",1,0,1,0
"Ccng1",0,0,0,1
"Ccnl2",0,0,0,1
"Ccno",0,1,0,1
"Ccnyl1",1,0,1,0
"Ccp110",0,0,1,0
"Ccpg1",0,1,0,1
"Ccrl2",0,1,0,0
"Ccsap",1,0,1,0
"Cct3",0,0,1,0
"Cct6a",0,0,1,0
"Cct8",0,0,1,0
"Cd109",0,1,0,1
"Cd1d1",0,1,0,1
"Cd200",0,0,1,0
"Cd247",0,1,0,0
"Cd24a",1,0,0,0
"Cd274",0,1,0,0
"Cd276",0,0,1,0
"Cd300lb",1,0,1,0
"Cd33",0,1,0,0
"Cd34",0,1,0,0
"Cd46",0,0,0,1
"Cd47",0,1,0,0
"Cd59a",0,0,0,1
"Cd68",0,1,0,1
"Cd74",0,1,0,0
"Cd79a",0,1,0,1
"Cd80",0,1,0,1
"Cd81",0,0,0,1
"Cd99l2",0,0,0,1
"Cda",0,1,0,0
"Cdc20",1,0,1,0
"Cdc25b",1,0,1,0
"Cdc25c",1,0,1,0
"Cdc42bpg",0,1,0,1
"Cdc42ep1",1,0,1,0
"Cdc42ep2",0,0,0,1
"Cdc42ep3",1,0,0,0
"Cdc45",1,0,1,0
"Cdc6",1,0,1,0
"Cdc7",1,0,1,0
"Cdca2",1,0,1,0
"Cdca3",1,0,1,0
"Cdca4",0,0,1,0
"Cdca5",1,0,1,0
"Cdca7",0,0,1,0
"Cdca7l",0,0,1,0
"Cdca8",1,0,1,0
"Cdcp3",0,0,1,0
"Cdh13",0,0,0,1
"Cdh22",0,0,0,1
"Cdh23",1,0,1,0
"Cdh5",1,0,1,0
"Cdh6",1,0,1,0
"Cdiptos",0,1,0,0
"Cdk1",1,0,1,0
"Cdk19",0,1,0,1
"Cdk2",0,0,1,0
"Cdk6",1,0,1,0
"Cdkn1a",0,0,0,1
"Cdkn1b",0,0,0,1
"Cdkn3",1,0,1,0
"Cdr2",1,0,1,0
"Cdsn",0,0,1,0
"Cdt1",1,0,1,0
"Cdv3",0,0,1,0
"Cebpa",0,1,0,1
"Cebpb",0,1,0,0
"Cebpd",0,1,0,1
"Celf5",0,1,0,1
"Celsr3",0,0,0,1
"Cemip",1,0,1,0
"Cenpa",1,0,1,0
"Cenpe",1,0,1,0
"Cenpf",1,0,1,0
"Cenph",1,0,1,0
"Cenpi",1,0,1,0
"Cenpk",1,0,1,0
"Cenpl",1,0,1,0
"Cenpm",1,0,1,0
"Cenpn",1,0,1,0
"Cenpp",1,0,1,0
"Cenpq",1,0,1,0
"Cenps",1,0,1,0
"Cenpu",1,0,1,0
"Cenpw",1,0,1,0
"Cenpx",0,0,1,0
"Cep126",0,0,1,0
"Cep128",0,0,1,0
"Cep152",1,0,1,0
"Cep192",1,0,1,0
"Cep295",0,0,1,0
"Cep55",1,0,1,0
"Cep78",0,0,1,0
"Cep85",0,0,1,0
"Cers1",0,1,0,1
"Ces1a",0,1,0,0
"Cfap100",0,0,0,1
"Cfap298",0,0,1,0
"Cfap43",0,0,0,1
"Cfap46",0,0,0,1
"Cfap97d2",0,0,0,1
"Cfh",0,1,0,0
"Cgas",0,0,1,0
"Cgnl1",1,0,1,0
"Chac1",0,0,1,0
"Chaf1a",1,0,1,0
"Chaf1b",1,0,1,0
"Chchd10",0,1,0,1
"Chchd4",0,0,1,0
"Chchd5",0,0,0,1
"Chd3",0,0,0,1
"Chd5",0,0,1,0
"Chek1",1,0,1,0
"Chek2",1,0,1,0
"Chka",1,0,1,0
"Chpf",0,0,1,0
"Chrd",0,1,0,1
"Chrdl1",0,0,1,0
"Chrna1",1,0,1,0
"Chrnb1",0,0,1,0
"Chrnb2",0,1,0,1
"Chrnd",0,0,1,0
"Chrng",0,1,0,1
"Chst1",1,0,1,0
"Chst11",1,0,1,0
"Chst15",1,0,1,0
"Chst2",0,1,0,1
"Chst3",1,0,1,0
"Chsy1",0,0,1,0
"Chtf18",1,0,1,0
"Ciapin1",0,0,1,0
"Ciart",1,0,1,0
"Cib2",0,0,0,1
"Cib3",0,0,0,1
"Cibar2",0,0,0,1
"Cideb",0,1,0,1
"Ciita",0,0,1,0
"Cinp",1,0,1,0
"Cip2a",1,0,1,0
"Cir1",0,1,0,1
"Cirbp",0,0,0,1
"Cit",0,0,1,0
"Ckap2",1,0,1,0
"Ckap2l",1,0,1,0
"Ckap5",0,0,1,0
"Ckb",0,1,0,1
"Cks1b",1,0,1,0
"Cks2",1,0,1,0
"Clcn2",0,1,0,1
"Cldn12",0,0,1,0
"Cldn19",0,0,0,1
"Cldn2",0,1,0,0
"Clec2d",0,1,0,1
"Clec4d",1,0,1,0
"Clgn",1,0,1,0
"Clic5",0,1,0,1
"Clip3",0,0,0,1
"Clk1",0,1,0,1
"Cln6",0,1,0,1
"Clns1a",0,0,1,0
"Clpb",0,0,1,0
"Clspn",1,0,1,0
"Clu",0,1,0,1
"Cma2",0,1,0,0
"Cmah",0,0,1,0
"Cmc2",1,0,1,0
"Cmpk2",0,1,0,0
"Cmss1",0,0,1,0
"Cnbd2",0,1,0,1
"Cnbp",0,0,1,0
"Cndp2",0,1,0,0
"Cnih2",0,0,0,1
"Cnnm4",0,0,1,0
"Cnot9",0,0,1,0
"Cnp",0,0,0,1
"Cnppd1",0,1,0,1
"Cntd1",0,0,0,1
"Cntfr",0,1,0,1
"Cntn6",0,1,0,1
"Coa7",1,0,1,0
"Cobll1",1,0,0,0
"Col11a2",0,1,0,1
"Col12a1",0,1,0,0
"Col16a1",1,0,0,0
"Col18a1",1,0,1,0
"Col1a2",0,1,0,0
"Col20a1",0,1,0,1
"Col23a1",0,1,0,1
"Col27a1",0,0,0,1
"Col2a1",0,0,0,1
"Col3a1",0,1,0,1
"Col4a3",1,0,1,0
"Col4a4",1,0,1,0
"Col4a5",0,1,0,1
"Col4a6",0,0,0,1
"Col5a3",1,0,0,0
"Col6a1",0,0,0,1
"Col6a2",0,0,0,1
"Col6a3",0,1,0,1
"Col7a1",1,0,0,0
"Col8a1",0,0,0,1
"Col9a3",0,1,0,1
"Comt",0,1,0,1
"Copz2",0,1,0,1
"Coq10a",0,1,0,1
"Coq3",0,0,1,0
"Coq7",0,0,1,0
"Coq8a",0,1,0,1
"Coq8b",0,1,0,1
"Coro1a",0,0,0,1
"Coro1c",0,0,1,0
"Coro6",0,1,0,1
"Cox7a1",0,0,1,0
"Cp",0,1,0,1
"Cpeb1",0,0,0,1
"Cpeb2",0,1,0,1
"Cpeb3",0,1,0,1
"Cpeb4",0,1,0,1
"Cpne7",0,0,1,0
"Cpne8",0,0,0,1
"Cpped1",0,0,0,1
"Cpq",0,1,0,1
"Cpsf2",1,0,1,0
"Cpt1a",0,1,0,1
"Cpt1c",0,1,0,1
"Cracdl",0,0,1,0
"Creb3l1",0,0,0,1
"Creb3l4",0,1,0,1
"Creb5",0,0,1,0
"Crebl2",0,1,0,1
"Crebrf",0,1,0,1
"Creg1",0,1,0,0
"Creld2",1,0,1,0
"Crim1",0,0,0,1
"Crip2",0,0,0,1
"Crlf1",0,0,0,1
"Crls1",0,0,1,0
"Cryab",0,0,0,1
"Crybg1",1,0,0,0
"Crybg3",0,0,1,0
"Crym",1,0,1,0
"Csad",0,0,0,1
"Csdc2",0,1,0,1
"Cse1l",0,0,1,0
"Csf1",0,1,0,0
"Csf2rb2",0,0,0,1
"Cspg4",0,0,0,1
"Csrnp1",0,0,1,0
"Csrp2",1,0,1,0
"Cstad",0,0,0,1
"Cstf2",1,0,1,0
"Ctbs",0,1,0,0
"Cth",1,0,1,0
"Ctnnd1",0,0,0,1
"Ctns",0,1,0,0
"Ctsa",0,1,0,0
"Ctsb",0,1,0,1
"Ctsd",0,1,0,0
"Ctsf",0,1,0,1
"Ctsh",0,1,0,0
"Ctsl",0,1,0,0
"Ctso",0,1,0,1
"Ctxn1",0,1,0,1
"Cubn",0,0,0,1
"Cul9",0,1,0,1
"Cx3cl1",1,0,1,0
"Cxadr",0,0,1,0
"Cxcl10",0,1,0,0
"Cxcr4",0,1,0,1
"Cyb561a3",0,1,0,1
"Cyb561d1",0,1,0,1
"Cyb5a",1,0,0,0
"Cyb5b",1,0,1,0
"Cyb5r1",0,0,1,0
"Cycs",1,0,1,0
"Cyp1a1",1,0,1,0
"Cyp1b1",0,1,0,1
"Cyp26b1",0,1,0,1
"Cyp2b13",1,0,0,0
"Cyp2d22",0,1,0,1
"Cyp2j6",0,1,0,1
"Cyp2j9",0,1,0,1
"Cyp39a1",0,1,0,1
"Cyp3a41a",1,0,0,0
"Cyp46a1",0,0,0,1
"Cyp4b1",0,1,0,0
"Cyp4f13",0,1,0,1
"Cyp4f17",0,1,0,1
"Cyp4f40",1,0,1,0
"Cyp4v3",0,1,0,1
"Cyp51",1,0,1,0
"Cyrib",1,0,1,0
"Cyth4",1,0,1,0
"Daam2",0,0,1,0
"Dab2",0,1,0,0
"Dach2",0,0,1,0
"Dact1",0,0,0,1
"Dact3",0,0,0,1
"Dad1",0,0,1,0
"Dap",1,0,1,0
"Dapk2",0,1,0,0
"Dazap1",0,0,1,0
"Dbf4",1,0,1,0
"Dbndd1",0,1,0,1
"Dbp",0,1,0,1
"Dbr1",0,0,1,0
"Dcaf6",0,1,0,1
"Dcaf8",0,0,0,1
"Dchs1",0,0,0,1
"Dck",1,0,1,0
"Dclk1",1,0,1,0
"Dclre1b",1,0,1,0
"Dcn",0,1,0,0
"Dcst2",0,0,0,1
"Dctd",1,0,1,0
"Dctpp1",1,0,1,0
"Dcun1d4",1,0,0,0
"Dcxr",0,1,0,1
"Ddah1",1,0,1,0
"Ddah2",0,0,0,1
"Ddb2",0,1,0,1
"Ddc",0,0,1,0
"Ddias",1,0,1,0
"Ddit4",0,1,0,1
"Ddo",0,1,0,1
"Ddost",0,0,1,0
"Ddr1",0,0,0,1
"Ddx11",1,0,1,0
"Ddx20",0,0,1,0
"Ddx21",1,0,1,0
"Ddx39a",1,0,1,0
"Ddx3x",0,0,1,0
"Ddx3y",0,1,0,0
"Ddx4",0,0,0,1
"Ddx60",0,1,0,1
"Decr2",0,0,0,1
"Dedd2",0,1,0,1
"Dek",1,0,1,0
"Dennd2a",0,0,0,1
"Dennd2c",0,1,0,1
"Dennd4b",0,0,0,1
"Denr",0,0,1,0
"Depdc1a",1,0,1,0
"Depdc1b",1,0,1,0
"Depp1",0,1,0,1
"Deptor",0,0,1,0
"Dera",0,0,1,0
"Derpc",0,0,1,0
"Des",0,1,0,0
"Dffb",0,1,0,1
"Dgat2",0,1,0,1
"Dgka",0,1,0,1
"Dgkb",0,0,0,1
"Dgki",0,0,0,1
"Dglucy",0,0,0,1
"Dhcr24",1,0,1,0
"Dhcr7",0,0,1,0
"Dhfr",1,0,1,0
"Dhodh",0,0,1,0
"Dhrs1",0,0,0,1
"Dhrs3",0,1,0,0
"Dhrs7",0,1,0,0
"Dhtkd1",0,0,0,1
"Dhx40",0,1,0,0
"Dhx57",0,0,0,1
"Dhx58",0,1,0,1
"Diaph3",1,0,1,0
"Dicer1",0,0,1,0
"Dimt1",0,0,1,0
"Dio2",0,1,0,0
"Dipk1a",0,0,0,1
"Dipk1b",0,1,0,1
"Diras1",0,0,0,1
"Dis3",1,0,1,0
"Disc1",0,0,0,1
"Disp2",0,0,1,0
"Dixdc1",0,0,0,1
"Dkc1",1,0,1,0
"Dkkl1",0,0,0,1
"Dlg4",0,1,0,1
"Dlgap1",1,0,0,0
"Dlgap5",1,0,1,0
"Dll1",0,1,0,1
"Dll4",0,1,0,1
"Dlx4",0,0,0,1
"Dmxl2",0,1,0,0
"Dna2",1,0,1,0
"Dnaaf2",0,0,1,0
"Dnaaf3",0,0,0,1
"Dnaaf4",0,0,0,1
"Dnajb11",1,0,1,0
"Dnajb5",0,0,1,0
"Dnajc11",0,0,1,0
"Dnajc2",0,0,1,0
"Dnajc21",0,0,1,0
"Dnajc25",0,0,1,0
"Dnajc28",0,1,0,1
"Dnajc3",0,0,1,0
"Dnajc6",0,0,0,1
"Dnajc9",1,0,1,0
"Dnase1l1",0,1,0,1
"Dnase2a",0,0,0,1
"Dnm1",0,1,0,1
"Dnm3",0,1,0,1
"Dnmt1",1,0,1,0
"Dnph1",1,0,1,0
"Dntt",1,0,1,0
"Doc2g",0,1,0,1
"Dock2",0,1,0,1
"Dock9",0,0,0,1
"Dok4",0,0,0,1
"Dolpp1",0,0,1,0
"Donson",0,0,1,0
"Dpf1",1,0,1,0
"Dpf3",1,0,1,0
"Dph2",1,0,1,0
"Dpp6",0,1,0,1
"Dpy30",0,0,1,0
"Dqx1",0,1,0,1
"Dram1",0,0,0,1
"Draxin",0,0,0,1
"Drc1",0,1,0,1
"Dscc1",1,0,1,0
"Dstyk",0,0,0,1
"Dthd1",0,1,0,1
"Dtl",1,0,1,0
"Dtna",0,0,0,1
"Dtx3l",0,1,0,1
"Dtx4",0,0,0,1
"Dtymk",0,0,1,0
"Dusp15",0,1,0,1
"Dusp22",0,0,1,0
"Dusp3",0,0,1,0
"Dusp4",1,0,1,0
"Dusp5",1,0,0,0
"Dusp6",1,0,1,0
"Dusp8",0,0,1,0
"Dusp9",1,0,1,0
"Dut",1,0,1,0
"Dync1li1",1,0,1,0
"Dyrk1b",0,1,0,1
"Dyrk3",0,0,1,0
"Dysf",0,0,0,1
"Dzank1",0,0,0,1
"Dzip1",0,0,0,1
"E2f1",1,0,1,0
"E2f2",1,0,1,0
"E2f3",0,0,1,0
"E2f4",0,0,1,0
"E2f7",1,0,1,0
"E2f8",1,0,1,0
"Eaf1",1,0,1,0
"Ears2",0,0,1,0
"Ebf4",0,1,0,1
"Ebna1bp2",1,0,1,0
"Ech1",0,0,0,1
"Echdc2",0,1,0,1
"Ect2",1,0,1,0
"Eda2r",0,1,0,0
"Eef1e1",1,0,1,0
"Eef2k",0,0,0,1
"Eefsec",1,0,0,0
"Efcab11",1,0,1,0
"Efcab5",1,0,0,0
"Efemp1",0,1,0,0
"Efhc1",0,0,0,1
"Efl1",0,0,1,0
"Efna1",0,1,0,0
"Efnb1",0,0,0,1
"Efr3b",1,0,1,0
"Eftud2",0,0,1,0
"Egf",0,1,0,1
"Egflam",0,0,1,0
"Egfr",0,1,0,1
"Egr1",0,0,0,1
"Egr3",0,0,0,1
"Ehbp1",0,0,0,1
"Ehbp1l1",0,0,1,0
"Ehd1",1,0,1,0
"Ehd2",0,0,0,1
"Ehd4",1,0,0,0
"Ehf",0,0,0,1
"Eid2b",0,1,0,1
"Eif1a",1,0,1,0
"Eif1ad",0,0,1,0
"Eif2ak2",0,1,0,0
"Eif2b3",1,0,1,0
"Eif2s1",0,0,1,0
"Eif2s2",0,0,1,0
"Eif2s3y",0,1,0,1
"Eif3b",1,0,1,0
"Eif4a2",0,1,0,1
"Eif4a3",0,0,1,0
"Eif4e",0,0,1,0
"Eif4ebp1",0,0,1,0
"Eif4g1",0,0,1,0
"Eif5",0,0,1,0
"Eif5a",1,0,1,0
"Elapor2",0,1,0,0
"Elavl1",0,0,1,0
"Elf3",0,1,0,1
"Elfn2",1,0,1,0
"Ell3",0,0,0,1
"Elmo1",0,1,0,1
"Eln",0,1,0,0
"Elovl4",0,0,1,0
"Elovl6",1,0,1,0
"Elovl7",0,0,0,1
"Eme1",1,0,1,0
"Emid1",0,0,0,1
"Emilin1",0,1,0,1
"Emilin2",0,0,0,1
"Eml1",1,0,0,0
"Emp1",0,0,0,1
"Enho",0,1,0,1
"Enkd1",0,0,1,0
"Eno1",1,0,1,0
"Eno1b",0,0,1,0
"Eno2",0,1,0,1
"Enoph1",0,0,1,0
"Enpp2",0,1,0,1
"Enpp3",0,0,0,1
"Enpp4",0,1,0,0
"Enpp5",0,1,0,1
"Entpd2",0,0,0,1
"Entrep1",0,0,0,1
"Eny2",0,0,1,0
"Eomes",1,0,1,0
"Epdr1",0,0,0,1
"Epha2",1,0,1,0
"Epha4",0,1,0,1
"Epha8",0,0,1,0
"Ephb3",0,1,0,1
"Ephx1",0,1,0,1
"Ephx4",0,1,0,1
"Epm2a",0,1,0,1
"Epop",1,0,1,0
"Epor",0,0,0,1
"Eppk1",0,0,0,1
"Eps8",1,0,1,0
"Eqtn",0,1,0,1
"Erbb3",0,0,1,0
"Erc2",1,0,0,0
"Ercc5",0,0,0,1
"Ercc6l",1,0,1,0
"Erg",0,0,0,1
"Erg28",1,0,1,0
"Ergic1",0,0,1,0
"Erh",0,0,1,0
"Eri1",0,0,1,0
"Ermard",0,0,0,1
"Ero1b",1,0,1,0
"Errfi1",1,0,1,0
"Esco2",1,0,1,0
"Esf1",0,0,1,0
"Espl1",1,0,1,0
"Espn",0,1,0,1
"Esrrg",0,1,0,0
"Esyt3",0,0,1,0
"Etf1",0,0,1,0
"Etfbkmt",0,1,0,1
"Etfrf1",0,0,0,1
"Etv1",0,0,0,1
"Etv4",1,0,1,0
"Etv5",1,0,1,0
"Etv6",1,0,1,0
"Evpl",0,0,0,1
"Exo1",1,0,1,0
"Exoc3l",0,0,0,1
"Exoc3l4",0,0,0,1
"Exosc1",1,0,1,0
"Exosc2",1,0,1,0
"Exosc8",1,0,1,0
"Extl3",0,0,0,1
"Eya4",0,1,0,0
"Ezh1",0,1,0,1
"Ezh2",1,0,1,0
"Ezr",1,0,1,0
"F2r",1,0,1,0
"F2rl1",1,0,1,0
"F3",0,0,0,1
"F8",0,0,0,1
"Faah",0,1,0,0
"Faap24",1,0,1,0
"Fabp4",0,1,0,0
"Fads2",1,0,1,0
"Fads3",1,0,1,0
"Fam107b",0,0,1,0
"Fam111a",1,0,1,0
"Fam117a",0,0,0,1
"Fam124a",0,0,0,1
"Fam131a",0,0,0,1
"Fam135b",0,0,0,1
"Fam136a",1,0,1,0
"Fam13a",0,1,0,1
"Fam13c",0,1,0,1
"Fam161a",0,0,0,1
"Fam167a",1,0,1,0
"Fam171a2",0,0,0,1
"Fam174c",0,0,0,1
"Fam180a",0,0,0,1
"Fam193b",0,0,0,1
"Fam210b",0,0,0,1
"Fam227a",0,1,0,1
"Fam234a",0,0,0,1
"Fam241b",0,1,0,1
"Fam3a",0,1,0,1
"Fam43a",0,1,0,1
"Fam53b",0,1,0,1
"Fam83d",1,0,1,0
"Fam83h",0,0,0,1
"Fam98a",1,0,1,0
"Fanca",1,0,1,0
"Fancb",1,0,1,0
"Fancd2",1,0,1,0
"Fanci",1,0,1,0
"Fancl",1,0,1,0
"Farsb",0,0,1,0
"Fas",0,1,0,1
"Fasn",1,0,1,0
"Fastkd5",0,0,1,0
"Fat4",0,0,0,1
"Fbl",1,0,1,0
"Fbln7",0,0,0,1
"Fbn2",0,0,0,1
"Fbxl16",0,0,0,1
"Fbxl20",0,1,0,1
"Fbxl22",0,1,0,1
"Fbxl8",0,0,0,1
"Fbxl9",0,1,0,1
"Fbxo15",0,0,0,1
"Fbxo2",0,0,0,1
"Fbxo32",0,1,0,1
"Fbxo41",0,1,0,1
"Fbxo44",0,1,0,1
"Fbxo48",1,0,1,0
"Fbxo5",1,0,1,0
"Fbxo6",0,0,0,1
"Fbxw10",0,1,0,1
"Fbxw20",0,1,0,0
"Fbxw9",0,0,0,1
"Fcgrt",0,1,0,1
"Fcho1",0,1,0,1
"Fchsd1",0,1,0,0
"Fdps",1,0,1,0
"Fen1",1,0,1,0
"Fgf11",0,0,0,1
"Fgf13",1,0,0,0
"Fgf15",1,0,1,0
"Fgf21",1,0,1,0
"Fgfbp1",0,0,0,1
"Fgfr2",0,0,0,1
"Fgfrl1",0,0,0,1
"Fgl2",0,1,0,0
"Fhdc1",0,0,1,0
"Fhip1a",0,0,1,0
"Fhl1",0,0,0,1
"Fhl2",1,0,1,0
"Fhl4",0,1,0,1
"Fhod3",0,0,0,1
"Fign",0,0,0,1
"Fignl1",1,0,1,0
"Fignl2",0,0,0,1
"Filip1",0,1,0,1
"Fkbp11",1,0,1,0
"Fkbp2",0,0,1,0
"Fkbp4",0,0,1,0
"Fkbp5",1,0,1,0
"Flcn",0,1,0,1
"Flot1",0,1,0,0
"Flrt2",0,1,0,1
"Flrt3",0,0,0,1
"Flt1",1,0,1,0
"Flt3l",0,1,0,1
"Flvcr1",0,0,1,0
"Flvcr2",0,1,0,1
"Fmnl2",0,0,0,1
"Fmnl3",0,0,0,1
"Fmo5",0,1,0,1
"Fn1",0,1,0,1
"Fn3k",0,1,0,1
"Fndc10",0,1,0,1
"Fos",0,1,0,1
"Fosl1",1,0,1,0
"Foxa3",0,0,1,0
"Foxc1",0,1,0,1
"Foxj1",0,1,0,1
"Foxk2",1,0,1,0
"Foxl1",0,0,1,0
"Foxm1",1,0,1,0
"Foxn2",0,0,1,0
"Foxo3",0,1,0,1
"Foxo4",0,1,0,1
"Foxo6",0,1,0,1
"Fpgs",1,0,1,0
"Frat1",0,1,0,1
"Frmd4a",0,0,1,0
"Frmd4b",0,0,0,1
"Frmd6",0,0,0,1
"Fscn1",0,0,0,1
"Fst",1,0,1,0
"Fth1",0,0,1,0
"Ftl1",0,1,0,0
"Ftsj3",0,0,1,0
"Fubp1",0,0,1,0
"Fut1",0,0,1,0
"Fut2",0,1,0,0
"Fut8",0,0,1,0
"Fuz",0,1,0,1
"Fxyd1",0,1,0,1
"Fxyd5",1,0,1,0
"Fyb2",1,0,1,0
"Fyco1",0,1,0,1
"Fzd2",0,0,0,1
"Fzd8",0,1,0,0
"G3bp1",0,0,1,0
"G3bp2",0,0,1,0
"Gab1",0,1,0,1
"Gabarapl1",0,1,0,1
"Gad2",0,0,1,0
"Gadd45a",0,1,0,1
"Gadd45b",0,1,0,1
"Galnt11",0,0,0,1
"Galnt12",1,0,1,0
"Galnt15",0,1,0,1
"Galnt16",0,1,0,1
"Galnt7",0,0,0,1
"Ganc",0,0,0,1
"Gap43",1,0,1,0
"Gar1",1,0,1,0
"Garem1",0,0,0,1
"Garem2",0,1,0,1
"Garin1b",1,0,0,0
"Garre1",0,0,1,0
"Gart",1,0,1,0
"Gas1",0,1,0,1
"Gas2l3",1,0,1,0
"Gas6",0,1,0,0
"Gbp10",0,1,0,1
"Gbp11",0,1,0,1
"Gbp2",0,1,0,1
"Gbp2b",0,1,0,0
"Gbp3",0,1,0,1
"Gbp4",0,1,0,1
"Gbp5",0,1,0,0
"Gbp6",0,1,0,1
"Gbp7",0,1,0,1
"Gbp8",0,1,0,1
"Gbp9",0,1,0,1
"Gcat",1,0,0,0
"Gchfr",1,0,1,0
"Gcnt1",0,1,0,1
"Gcnt2",0,1,0,1
"Gcnt3",0,0,1,0
"Gdf15",0,0,1,0
"Gdi1",0,1,0,1
"Gdpd2",0,1,0,1
"Gdpd3",0,1,0,1
"Gdpd5",0,0,0,1
"Gem",0,1,0,1
"Gemin4",0,0,1,0
"Gemin5",0,0,1,0
"Gemin6",1,0,1,0
"Gen1",1,0,1,0
"Gfm1",1,0,1,0
"Gfod1",0,0,1,0
"Gfra1",0,0,0,1
"Gfra2",0,0,0,1
"Ggnbp1",0,1,0,1
"Ghdc",0,1,0,0
"Ghitm",0,0,1,0
"Ghr",0,0,0,1
"Gins1",1,0,1,0
"Gins2",1,0,1,0
"Gins3",1,0,1,0
"Gipc2",0,0,0,1
"Gja1",1,0,1,0
"Gjb4",0,0,1,0
"Gk",1,0,1,0
"Gla",0,1,0,0
"Glcci1",0,1,0,1
"Gli1",0,0,1,0
"Glipr1",0,0,0,1
"Glipr2",1,0,1,0
"Glis3",0,1,0,1
"Glrp1",0,0,1,0
"Glrx",0,1,0,1
"Gls2",0,0,0,1
"Glt8d1",0,0,0,1
"Glul",0,0,0,1
"Gm15433",0,1,0,1
"Gm2a",0,0,0,1
"Gm6525",0,0,1,0
"Gmfg",0,0,1,0
"Gmnn",1,0,1,0
"Gmppb",0,0,1,0
"Gmpr",0,0,0,1
"Gna13",0,0,0,1
"Gnal",0,1,0,1
"Gnb2",1,0,1,0
"Gng11",0,0,0,1
"Gng8",0,1,0,1
"Gnl3",0,0,1,0
"Gnpnat1",1,0,1,0
"Golm2",0,0,1,0
"Golt1b",1,0,1,0
"Got1",0,0,1,0
"Gpatch4",1,0,1,0
"Gpd2",0,0,1,0
"Gper1",0,0,0,1
"Gpm6b",0,1,0,1
"Gpn1",0,0,1,0
"Gpn2",0,0,1,0
"Gpnmb",0,1,0,1
"Gpr135",0,0,0,1
"Gpr137b",0,1,0,0
"Gpr137c",0,1,0,1
"Gpr146",0,1,0,1
"Gpr149",1,0,1,0
"Gpr173",0,0,0,1
"Gpr179",0,1,0,1
"Gpr19",0,1,0,0
"Gpr27",0,1,0,0
"Gpr75",0,1,0,1
"Gpr88",0,0,0,1
"Gprasp2",0,1,0,1
"Gprc5a",0,0,1,0
"Gprc5c",0,1,0,1
"Grb10",0,0,1,0
"Greb1",1,0,0,0
"Grem1",1,0,1,0
"Grhl2",1,0,1,0
"Gria3",0,1,0,1
"Gria4",0,1,0,0
"Grid1",0,0,1,0
"Grin2c",0,1,0,0
"Grina",0,1,0,1
"Grk4",0,0,0,1
"Grk6",1,0,1,0
"Grm7",0,1,0,1
"Grn",0,1,0,0
"Grwd1",1,0,1,0
"Gsap",0,1,0,1
"Gsdma",0,1,0,1
"Gsn",0,0,0,1
"Gspt1",1,0,1,0
"Gsta1",1,0,1,0
"Gsta2",1,0,1,0
"Gsta3",1,0,0,0
"Gstcd",1,0,1,0
"Gstm1",0,1,0,1
"Gstm2",0,0,0,1
"Gstm6",0,1,0,0
"Gstm7",0,0,1,0
"Gsto2",0,1,0,1
"Gstp1",0,1,0,0
"Gstp2",0,0,1,0
"Gstp3",0,1,0,0
"Gstt1",0,0,0,1
"Gsx1",1,0,1,0
"Gtf3c6",1,0,1,0
"Gtse1",1,0,1,0
"Gvin1",0,1,0,0
"Gvin2",0,1,0,1
"Gxylt2",0,0,0,1
"Gypc",0,0,1,0
"Gzmm",0,1,0,1
"H1f2",0,1,0,1
"H1f3",0,1,0,0
"H2ac15",1,0,1,0
"H2ac18",0,1,0,1
"H2ac24",1,0,1,0
"H2ac25",0,1,0,1
"H2ac6",0,1,0,1
"H2ac7",1,0,1,0
"H2ax",0,0,1,0
"H2az1",1,0,1,0
"H2bc21",0,1,0,1
"H2bc23",0,1,0,0
"H2bc24",0,1,0,1
"H2bc27",0,1,0,1
"H2bc4",0,1,0,1
"H2bc6",0,1,0,1
"H2bc8",0,1,0,0
"H3c15",0,1,0,0
"H3c3",0,0,1,0
"H3c4",0,1,0,1
"H3f3a",0,0,0,1
"H4c12",0,1,0,0
"H4c14",0,1,0,1
"H4c9",0,1,0,0
"Hacd4",0,0,0,1
"Hacl1",0,0,0,1
"Haghl",0,0,0,1
"Hapln4",0,0,1,0
"Haspin",1,0,1,0
"Hat1",1,0,1,0
"Haus1",1,0,1,0
"Haus3",1,0,1,0
"Haus5",1,0,1,0
"Haus6",1,0,1,0
"Haus7",0,0,1,0
"Havcr2",1,0,0,0
"Hbegf",1,0,0,0
"Hbp1",0,1,0,1
"Hccs",0,0,1,0
"Hck",1,0,0,0
"Hdac11",0,1,0,1
"Hdac5",0,1,0,1
"Hdac9",0,1,0,1
"Hdlbp",0,0,1,0
"Heatr3",0,0,1,0
"Heg1",0,0,0,1
"hEGFR",0,0,1,0
"Hells",1,0,1,0
"Helz2",0,1,0,0
"Heph",0,1,0,1
"Herc6",0,1,0,0
"Hes1",0,0,1,0
"Hexb",0,0,0,1
"Hey1",0,0,0,1
"Hhatl",0,1,0,1
"Higd1a",0,0,1,0
"Hipk3",0,0,0,1
"Hirip3",1,0,1,0
"Hjurp",1,0,1,0
"Hk1",0,0,0,1
"Hk2",1,0,1,0
"Hlf",0,1,0,0
"Hmbs",0,0,1,0
"Hmcn1",0,1,0,0
"Hmcn2",0,1,0,1
"Hmga1",1,0,1,0
"Hmga1b",1,0,1,0
"Hmga2",1,0,1,0
"Hmgb1",0,0,1,0
"Hmgb2",1,0,1,0
"Hmgcl",0,0,0,1
"Hmgcr",1,0,1,0
"Hmgcs1",1,0,1,0
"Hmgcs2",0,1,0,1
"Hmgn1",0,0,1,0
"Hmgn2",1,0,1,0
"Hmgn5",1,0,1,0
"Hmmr",1,0,1,0
"Hmx2",1,0,1,0
"Hnrnpa3",1,0,1,0
"Hnrnpab",1,0,1,0
"Hnrnpd",1,0,1,0
"Hoga1",0,1,0,1
"Homer1",1,0,1,0
"Hoxa2",0,0,0,1
"Hoxa4",0,1,0,1
"Hoxb5",0,1,0,1
"Hoxb8",0,1,0,1
"Hoxc6",0,0,0,1
"Hpf1",0,0,1,0
"Hpgds",0,0,0,1
"Hps1",0,0,0,1
"Hrc",0,0,0,1
"Hrob",1,0,1,0
"Hs6st1",0,1,0,1
"Hscb",0,1,0,1
"Hsd11b1",0,1,0,1
"Hsd17b1",0,1,0,1
"Hsd17b11",0,1,0,1
"Hsd17b7",1,0,1,0
"Hsdl2",0,1,0,1
"Hsf4",0,0,0,1
"Hsp90b1",1,0,1,0
"Hspa14",1,0,1,0
"Hspa1a",0,0,0,1
"Hspa1b",0,1,0,1
"Hspa4",0,0,1,0
"Hspa5",0,0,1,0
"Hspa9",0,0,1,0
"Hspd1",1,0,1,0
"Hsph1",0,0,1,0
"Htr2a",1,0,1,0
"Htr3a",0,1,0,1
"Htra1",1,0,1,0
"Hunk",0,0,0,1
"Hyal1",0,1,0,1
"Hyal3",0,1,0,1
"Hykk",0,0,0,1
"Hyou1",0,0,1,0
"Ica1",0,0,1,0
"Icam5",0,0,0,1
"Id3",0,0,0,1
"Idh3a",0,0,1,0
"Idi1",1,0,1,0
"Idua",0,1,0,1
"Ier2",0,0,1,0
"Iffo2",1,0,1,0
"Ifi202b",0,1,0,1
"Ifi204",0,1,0,0
"Ifi207",0,1,0,0
"Ifi211",0,1,0,0
"Ifi27",0,1,0,1
"Ifi27l2a",0,1,0,1
"Ifi30",0,0,0,1
"Ifi35",0,1,0,0
"Ifi44",0,1,0,1
"Ifi47",0,1,0,1
"Ifih1",0,1,0,1
"Ifit1",0,1,0,1
"Ifit1bl1",0,1,0,1
"Ifit1bl2",0,1,0,1
"Ifit2",0,0,0,1
"Ifit3",0,1,0,1
"Ifit3b",0,1,0,1
"Ifitm3",0,1,0,1
"Ifnlr1",0,1,0,1
"Ifrd1",0,0,1,0
"Ifrd2",1,0,1,0
"Igbp1",0,0,0,1
"Igdcc4",0,0,0,1
"Igf2",0,1,0,1
"Igf2bp1",1,0,1,0
"Igfbp3",1,0,1,0
"Igfbpl1",0,0,0,1
"Igip",0,1,0,1
"Iglon5",0,0,0,1
"Igtp",0,1,0,1
"Iigp1",0,1,0,1
"Ikbke",0,0,0,1
"Ikzf2",0,1,0,1
"Il10rb",0,1,0,0
"Il11",0,0,1,0
"Il11ra1",0,0,0,1
"Il13ra1",0,1,0,1
"Il17rd",0,1,0,1
"Il18",0,1,0,1
"Il18rap",1,0,1,0
"Il1r1",1,0,0,0
"Il33",0,0,1,0
"Il34",1,0,1,0
"Il4ra",0,1,0,0
"Il6",0,1,0,0
"Immp2l",0,1,0,0
"Immt",0,0,1,0
"Imp4",0,0,1,0
"Impdh1",0,0,1,0
"Inafm1",0,1,0,1
"Inca1",0,1,0,1
"Incenp",1,0,1,0
"Ing4",0,0,0,1
"Ing5",0,0,1,0
"Inha",0,0,0,1
"Inhbb",0,0,0,1
"Inka1",0,1,0,1
"Inka2",0,0,0,1
"Ino80b",0,1,0,1
"Inpp4b",1,0,1,0
"Inpp5a",0,1,0,0
"Inpp5d",0,0,1,0
"Inpp5k",0,1,0,1
"Insig1",1,0,0,0
"Insl3",0,1,0,1
"Insr",0,1,0,0
"Insyn2a",0,0,1,0
"Ints1",1,0,1,0
"Ip6k2",0,1,0,1
"Ip6k3",0,0,0,1
"Ipo13",0,0,0,1
"Ipo5",0,0,1,0
"Iqank1",0,0,0,1
"Iqcd",0,0,0,1
"Iqcg",0,0,0,1
"Iqck",0,0,1,0
"Iqgap2",0,0,1,0
"Iqgap3",1,0,1,0
"Iqsec2",0,0,0,1
"Irak2",0,0,0,1
"Irak3",0,0,0,1
"Irf1",0,1,0,1
"Irf4",1,0,1,0
"Irf7",0,1,0,1
"Irf9",0,1,0,1
"Irgm1",0,1,0,1
"Irgm2",0,1,0,1
"Irs1",0,1,0,1
"Irs2",0,0,0,1
"Irs4",0,1,0,1
"Isg15",0,1,0,1
"Isg20",0,1,0,0
"Islr",0,1,0,1
"Isoc2b",0,1,0,1
"Itfg1",0,0,0,1
"Itga10",0,0,0,1
"Itga2",0,1,0,0
"Itga2b",0,1,0,1
"Itga3",1,0,1,0
"Itga5",0,0,1,0
"Itga6",0,0,1,0
"Itgb3",0,0,1,0
"Itgb7",0,0,1,0
"Itgb8",0,1,0,1
"Itih2",0,1,0,0
"Itih5",0,1,0,1
"Itm2b",0,1,0,1
"Itpa",0,0,1,0
"Itpka",0,0,0,1
"Itpkb",0,0,0,1
"Itpkc",0,1,0,1
"Itpr1",0,0,1,0
"Izumo4",0,0,0,1
"Jag1",0,0,1,0
"Jak3",0,1,0,1
"Jam2",0,1,0,1
"Jdp2",1,0,1,0
"Jpt2",1,0,1,0
"Jun",0,0,1,0
"Junb",0,1,0,0
"Jup",0,0,0,1
"Kalrn",0,1,0,1
"Kank3",0,1,0,1
"Kat2a",0,0,1,0
"Katnal2",0,0,1,0
"Kazald1",0,1,0,1
"Kbtbd11",0,1,0,0
"Kbtbd6",1,0,1,0
"Kbtbd8",0,0,1,0
"Kcnab1",0,1,0,1
"Kcnc3",0,0,0,1
"Kcnd3",0,1,0,1
"Kcnh1",1,0,0,0
"Kcnh2",0,1,0,1
"Kcnh3",0,0,0,1
"Kcnip1",0,0,1,0
"Kcnj10",0,1,0,1
"Kcnj12",0,0,1,0
"Kcnj2",0,1,0,1
"Kcnk1",0,0,1,0
"Kcnk10",1,0,1,0
"Kcnk2",1,0,0,0
"Kcnmb1",0,1,0,0
"Kcnn1",0,0,0,1
"Kcnn4",0,0,1,0
"Kcnq1",0,0,0,1
"Kcnq4",0,1,0,1
"Kcp",0,1,0,0
"Kctd1",0,0,0,1
"Kctd21",0,0,0,1
"Kctd7",0,0,0,1
"Kctd9",1,0,1,0
"Kdelr2",0,0,1,0
"Kdm3a",0,1,0,1
"Kdm4b",0,0,0,1
"Kdm5b",0,1,0,1
"Kdm5d",0,1,0,1
"Kdm6b",0,0,0,1
"Kdm7a",0,1,0,1
"Kdm8",1,0,1,0
"Khk",0,1,0,1
"Khnyn",0,0,0,1
"Kif11",1,0,1,0
"Kif13b",0,0,0,1
"Kif14",1,0,1,0
"Kif15",1,0,1,0
"Kif17",1,0,1,0
"Kif18a",1,0,1,0
"Kif18b",1,0,1,0
"Kif1b",0,0,0,1
"Kif20a",1,0,1,0
"Kif20b",1,0,1,0
"Kif21a",0,0,0,1
"Kif22",1,0,1,0
"Kif23",1,0,1,0
"Kif24",1,0,1,0
"Kif26b",0,0,0,1
"Kif2c",1,0,1,0
"Kif4",1,0,1,0
"Kif5a",0,1,0,1
"Kif9",0,1,0,1
"Kifc1",1,0,1,0
"Kifc2",0,1,0,1
"Kifc3",0,0,0,1
"Kifc5b",1,0,1,0
"Kirrel3",0,0,0,1
"Kiss1r",0,1,0,1
"Kitl",0,0,1,0
"Kiz",0,0,0,1
"Klc3",0,1,0,1
"Klc4",0,1,0,1
"Klf10",0,1,0,1
"Klf11",0,1,0,0
"Klf12",0,1,0,0
"Klf13",0,0,0,1
"Klf15",0,0,0,1
"Klf2",0,0,1,0
"Klf4",0,0,1,0
"Klf7",0,0,0,1
"Klf9",0,1,0,0
"Klhdc8a",0,1,0,1
"Klhdc8b",0,1,0,1
"Klhl10",0,0,0,1
"Klhl17",0,0,0,1
"Klhl24",0,1,0,1
"Klhl26",0,0,0,1
"Klhl3",0,0,0,1
"Klhl32",0,1,0,1
"Klhl36",0,0,0,1
"Klhl4",0,1,0,1
"Klhl40",0,1,0,1
"Klk10",1,0,1,0
"Klk1b24",0,0,0,1
"Klk8",1,0,1,0
"Klra1",1,0,0,0
"Klra2",0,0,1,0
"Klra4",1,0,1,0
"Kmt2c",0,0,0,1
"Kmt5a",1,0,1,0
"Kmt5c",0,0,0,1
"Kng1",0,1,0,1
"Kng2",0,1,0,0
"Knl1",1,0,1,0
"Knop1",1,0,1,0
"Knstrn",1,0,1,0
"Kntc1",1,0,1,0
"Kpna2",1,0,1,0
"Kpnb1",0,0,1,0
"Kras",0,0,1,0
"Krr1",0,0,1,0
"Krt12",1,0,1,0
"Krt13",1,0,1,0
"Krt19",1,0,1,0
"Krt20",1,0,1,0
"Krt8",1,0,1,0
"Krt80",1,0,1,0
"Kti12",0,0,1,0
"Kxd1",0,0,0,1
"L1cam",0,0,0,1
"L2hgdh",0,0,0,1
"L3mbtl2",1,0,1,0
"Lacc1",0,0,1,0
"Lactb",0,0,0,1
"Lama2",0,1,0,1
"Lama4",1,0,1,0
"Lamb2",0,1,0,1
"Lamc2",0,0,1,0
"Lamp2",0,1,0,1
"Larp1",0,0,1,0
"Las1l",1,0,1,0
"Lat2",1,0,1,0
"Lbh",1,0,1,0
"Lbp",0,1,0,1
"Lbr",1,0,1,0
"Lca5",1,0,0,0
"Lca5l",0,1,0,1
"Lclat1",0,0,1,0
"Lcn2",0,1,0,0
"Lctl",0,0,0,1
"Ldb1",0,0,0,1
"Ldb3",0,1,0,1
"Ldha",0,0,1,0
"Ldlr",1,0,1,0
"Lect2",0,0,1,0
"Leng9",0,0,0,1
"Leo1",1,0,1,0
"Letm2",0,0,0,1
"Lgals1",1,0,0,0
"Lgals3bp",0,1,0,0
"Lgals4",0,1,0,1
"Lgals9",0,1,0,1
"Lgi4",0,1,0,1
"Lgmn",0,1,0,1
"Lgr6",1,0,1,0
"Lgsn",1,0,1,0
"Lif",0,0,1,0
"Lig1",1,0,1,0
"Limch1",0,1,0,1
"Limk2",0,0,0,1
"Lin54",1,0,1,0
"Lin9",0,0,1,0
"Lingo2",1,0,1,0
"Lipg",1,0,1,0
"Lipt2",1,0,1,0
"Lix1l",0,0,0,1
"Llgl2",0,0,0,1
"Llph",0,0,1,0
"Lmbr1l",0,0,0,1
"Lmnb1",1,0,1,0
"Lmnb2",1,0,1,0
"Lmntd2",0,1,0,1
"Lmo2",0,1,0,0
"Lnx2",1,0,1,0
"Lonp1",0,0,1,0
"Lonrf2",0,1,0,1
"Lonrf3",0,0,1,0
"Loxl1",0,1,0,1
"Loxl2",0,1,0,1
"Loxl3",0,0,0,1
"Lpar6",0,1,0,1
"Lpgat1",0,0,1,0
"Lpin1",0,0,0,1
"Lpin3",1,0,1,0
"Lpl",0,0,1,0
"Lratd2",0,0,1,0
"Lrguk",0,1,0,0
"Lrp1",0,0,0,1
"Lrp3",0,0,0,1
"Lrp4",0,1,0,1
"Lrp8",1,0,1,0
"Lrr1",1,0,1,0
"Lrrc14b",0,1,0,1
"Lrrc18",0,1,0,1
"Lrrc32",0,1,0,0
"Lrrc39",0,1,0,1
"Lrrc4",0,0,0,1
"Lrrc4b",0,1,0,1
"Lrrc51",0,1,0,1
"Lrrc56",0,1,0,1
"Lrrc58",0,0,0,1
"Lrrc59",1,0,1,0
"Lrrc61",0,0,0,1
"Lrrc74b",0,0,0,1
"Lrrc75a",0,0,0,1
"Lrrfip1",1,0,1,0
"Lrrk2",0,0,1,0
"Lrrn3",0,1,0,1
"Lrrn4cl",0,1,0,1
"Lsg1",0,0,1,0
"Lsm11",0,0,1,0
"Lsm12",0,0,1,0
"Lsm2",1,0,1,0
"Lsm3",1,0,1,0
"Lsm4",1,0,1,0
"Lsm5",1,0,1,0
"Lsm6",1,0,1,0
"Lsm7",0,0,1,0
"Lsm8",0,0,1,0
"Lss",1,0,1,0
"Ltbp1",1,0,1,0
"Ltbp4",0,0,0,1
"Ltv1",1,0,1,0
"Lxn",1,0,1,0
"Ly6e",0,1,0,0
"Ly75",0,0,1,0
"Lyar",1,0,1,0
"Lyn",0,0,1,0
"Lynx1",0,1,0,1
"Lysmd4",0,0,0,1
"Lyz2",0,0,1,0
"Macrod1",0,1,0,1
"Mad2l1",1,0,1,0
"Maf",0,1,0,1
"Mafa",0,0,0,1
"Maff",1,0,1,0
"Mafk",0,0,0,1
"Magel2",0,0,1,0
"Magi2",0,1,0,1
"Magoh",0,0,1,0
"Magohb",1,0,1,0
"Mak16",0,0,1,0
"Mal",0,0,1,0
"Maml2",0,0,0,1
"Mamstr",0,1,0,1
"Man1c1",0,0,0,1
"Man2b2",0,1,0,1
"Manf",1,0,1,0
"Mansc1",0,1,0,1
"Maoa",0,1,0,1
"Maob",0,1,0,1
"Map1a",0,0,1,0
"Map1b",1,0,1,0
"Map1lc3a",0,0,0,1
"Map2k3",1,0,1,0
"Map2k6",0,0,0,1
"Map3k12",0,1,0,1
"Map3k8",0,1,0,0
"Map3k9",0,0,1,0
"Map4k1",0,1,0,1
"Map6",1,0,0,0
"Map9",1,0,0,0
"Mapk10",0,0,0,1
"Mapk1ip1",0,1,0,1
"Mapk3",0,1,0,1
"Mapk4",0,0,1,0
"Mapk6",1,0,1,0
"Mapk8ip3",0,0,0,1
"Mapkapk3",0,0,0,1
"Mapt",0,1,0,1
"Marchf10",0,0,0,1
"Marchf3",0,0,0,1
"Marchf4",0,0,1,0
"Marcks",0,1,0,1
"Mars1",0,0,1,0
"Marveld1",0,1,0,0
"Masp1",0,0,0,1
"Masp2",0,0,0,1
"Mast1",0,0,1,0
"Mastl",1,0,1,0
"Matk",0,0,0,1
"Matn2",0,0,0,1
"Matn3",1,0,1,0
"Mbd3",0,0,1,0
"Mbp",0,0,0,1
"Mcam",0,0,1,0
"Mcc",0,0,0,1
"Mcm10",1,0,1,0
"Mcm2",1,0,1,0
"Mcm3",1,0,1,0
"Mcm4",1,0,1,0
"Mcm5",1,0,1,0
"Mcm6",1,0,1,0
"Mcm7",1,0,1,0
"Mcm8",1,0,1,0
"Mcoln1",0,1,0,1
"Mcph1",0,0,1,0
"Mcpt8",0,0,1,0
"Mcrip2",0,0,1,0
"Mctp1",0,1,0,1
"Mctp2",0,1,0,1
"Mdh1",1,0,0,0
"Mdm1",0,0,1,0
"Mdm2",0,0,0,1
"Mdn1",0,0,1,0
"Me2",1,0,1,0
"Me3",0,1,0,1
"Med10",1,0,1,0
"Med19",0,0,1,0
"Med8",0,0,1,0
"Mef2c",0,1,0,1
"Megf8",0,0,0,1
"Mei4",0,0,1,0
"Meiob",0,1,0,1
"Meis1",0,0,0,1
"Meis3",0,1,0,1
"Melk",1,0,1,0
"Mep1a",0,1,0,1
"Mertk",0,1,0,1
"Mest",1,0,1,0
"Met",0,0,1,0
"Mettl1",0,0,1,0
"Mettl21a",0,0,0,1
"Mettl27",0,1,0,1
"Mfsd12",0,1,0,1
"Mfsd13b",0,1,0,0
"Mfsd2a",1,0,1,0
"Mfsd4b1",0,1,0,1
"Mgarp",0,1,0,1
"Mgat3",0,0,0,1
"Mgat4a",1,0,1,0
"Mgme1",1,0,1,0
"Mgst1",0,1,0,1
"Mical1",0,0,0,1
"Micall2",1,0,1,0
"Mid1ip1",1,0,0,0
"Midn",0,0,0,1
"Miga1",0,0,0,1
"Mindy1",0,1,0,1
"Mindy2",0,0,0,1
"Mindy4",0,0,0,1
"Mis12",1,0,1,0
"Mis18a",1,0,1,0
"Mis18bp1",1,0,1,0
"Mki67",1,0,1,0
"Mkrn3",0,0,0,1
"Mkx",0,1,0,1
"Mlec",1,0,1,0
"Mlf1",1,0,1,0
"Mlkl",0,0,1,0
"Mllt3",0,0,0,1
"Mlycd",0,1,0,1
"Mmab",1,0,0,0
"Mmd",1,0,0,0
"Mme",0,1,0,1
"Mmp11",0,1,0,1
"Mmp15",0,0,0,1
"Mmp19",0,1,0,1
"Mmp23",0,1,0,1
"Mmp28",0,1,0,1
"Mms22l",1,0,1,0
"Mnd1",1,0,1,0
"Mndal",0,1,0,0
"Mns1",1,0,1,0
"Mob3a",1,0,0,0
"Mobp",0,1,0,1
"Mocos",0,1,0,0
"Mogat1",0,0,1,0
"Morn2",0,0,0,1
"Mpeg1",0,1,0,0
"Mphosph10",1,0,1,0
"Mphosph6",0,0,1,0
"Mpp2",0,0,0,1
"Mpp7",0,0,0,1
"Mppe1",0,1,0,0
"Mr1",0,1,0,1
"Mrc2",0,0,0,1
"Mre11a",1,0,1,0
"Mreg",0,0,1,0
"Mrgprb5",0,1,0,1
"Mrgpre",0,1,0,1
"Mrpl12",0,0,1,0
"Mrpl42",0,0,1,0
"Mrps10",0,0,1,0
"Mrps22",0,0,1,0
"Mrps27",0,0,1,0
"Mrps6",1,0,1,0
"Mrto4",1,0,1,0
"Ms4a4d",0,1,0,0
"Msantd3",0,0,1,0
"Msh3",0,0,1,0
"Msh6",0,0,1,0
"Msln",1,0,0,0
"Msmo1",1,0,1,0
"Mst1",0,0,1,0
"Mst1r",0,1,0,1
"Mt1",0,0,0,1
"Mt2",0,1,0,1
"Mt3",0,0,1,0
"Mtbp",1,0,1,0
"Mtfr2",1,0,1,0
"Mthfd1",1,0,1,0
"Mthfd1l",1,0,1,0
"Mthfd2",1,0,1,0
"Mtmr10",1,0,1,0
"Mtmr11",0,0,0,1
"Mtss1",0,0,0,1
"Mtss2",0,1,0,1
"Mturn",0,1,0,1
"Mtus1",0,1,0,1
"Mtus2",0,1,0,0
"Mutyh",1,0,1,0
"Mvd",1,0,1,0
"Mvk",1,0,1,0
"Mvp",0,0,0,1
"Mx1",0,1,0,1
"Mx2",0,1,0,1
"Mxd1",0,1,0,1
"Mxd3",1,0,1,0
"Mxd4",0,1,0,1
"Mxi1",0,0,0,1
"Mxra8",0,1,0,1
"Mybbp1a",0,0,1,0
"Mybl1",1,0,1,0
"Mybl2",1,0,1,0
"Myc",1,0,1,0
"Mycbp",0,0,1,0
"Mydgf",0,0,1,0
"Myef2",1,0,1,0
"Myef2l",1,0,1,0
"Myh14",0,1,0,1
"Myh7b",0,1,0,1
"Myl12a",1,0,1,0
"Mylip",0,0,0,1
"Mylk",0,1,0,1
"Myo10",0,0,0,1
"Myo18b",0,1,0,1
"Myo1d",0,1,0,0
"Myo5c",0,1,0,1
"Myo6",0,0,0,1
"Myo7a",0,1,0,1
"Myof",0,0,1,0
"Myom2",0,0,1,0
"Myom3",0,1,0,1
"Myorg",0,0,0,1
"N4bp2l1",0,1,0,1
"Naa15",1,0,1,0
"Naa25",1,0,1,0
"Naa50",0,0,1,0
"Naa80",0,1,0,1
"Naaladl1",1,0,1,0
"Nacad",0,0,0,1
"Naga",0,1,0,1
"Naglu",0,1,0,1
"Nans",1,0,1,0
"Nap1l3",0,0,0,1
"Napb",0,1,0,1
"Napepld",0,0,0,1
"Narf",0,1,0,1
"Nasp",1,0,1,0
"Nat14",0,0,0,1
"Nat8f1",0,1,0,1
"Nat8f4",0,1,0,1
"Nat8l",0,0,1,0
"Natd1",0,0,0,1
"Nbl1",0,1,0,1
"Ncald",0,0,0,1
"Ncam1",0,0,0,1
"Ncapd2",1,0,1,0
"Ncapd3",1,0,1,0
"Ncapg",1,0,1,0
"Ncapg2",1,0,1,0
"Ncaph",1,0,1,0
"Nceh1",0,1,0,1
"Nckap5",0,1,0,1
"Ncl",0,0,1,0
"Ndc1",1,0,1,0
"Ndc80",1,0,1,0
"Nde1",1,0,1,0
"Ndrg1",0,1,0,1
"Ndrg4",0,1,0,1
"Ndst2",0,0,0,1
"Ndst3",1,0,1,0
"Ndufaf4",0,0,1,0
"Nebl",1,0,0,0
"Nectin4",0,1,0,1
"Nedd9",0,1,0,1
"Negr1",0,1,0,1
"Neil3",1,0,1,0
"Nek2",1,0,1,0
"Nek8",0,0,0,1
"Nemp2",0,0,0,1
"Nes",1,0,1,0
"Neurl1b",1,0,1,0
"Neurl2",0,1,0,1
"Nfatc4",0,0,0,1
"Nfe2l3",0,0,1,0
"Nfkbia",0,1,0,1
"Nfkbie",0,1,0,0
"Ngef",1,0,1,0
"Ngf",1,0,1,0
"Ngfr",1,0,1,0
"Nhej1",0,0,0,1
"Nhlrc3",0,1,0,0
"Nhp2",1,0,1,0
"Nicn1",0,0,0,1
"Nid1",0,1,0,0
"Nif3l1",0,0,1,0
"Nifk",1,0,1,0
"Nip7",0,0,1,0
"Nipal1",1,0,0,0
"Nipal3",0,1,0,1
"Nipal4",0,0,0,1
"Nkain2",0,0,0,1
"Nkrf",0,0,1,0
"Nlgn2",0,1,0,0
"Nlrc3",0,0,1,0
"Nlrx1",0,0,0,1
"Nmd3",0,0,1,0
"Nme1",1,0,1,0
"Nme5",0,1,0,1
"Nmi",0,1,0,0
"Nmrk2",0,1,0,0
"Nmt2",0,0,1,0
"Nnt",1,0,0,0
"Noc3l",1,0,1,0
"Noc4l",0,0,1,0
"Noct",1,0,1,0
"Nod1",0,0,0,1
"Nol10",1,0,1,0
"Nol11",0,0,1,0
"Nol3",0,1,0,1
"Nol8",0,0,1,0
"Nol9",1,0,1,0
"Nolc1",1,0,1,0
"Nop16",1,0,1,0
"Nop2",1,0,1,0
"Nop56",1,0,1,0
"Nop58",1,0,1,0
"Notch1",0,1,0,1
"Notch2",0,1,0,1
"Notch3",0,1,0,1
"Nova1",0,0,1,0
"Nova2",0,1,0,1
"Noxo1",0,1,0,1
"Npc1",0,1,0,1
"Npdc1",0,0,0,1
"Npepps",0,0,0,1
"Nphp4",0,0,1,0
"Npnt",1,0,1,0
"Nppb",1,0,1,0
"Npr2",0,1,0,1
"Nptx1",1,0,1,0
"Nptxr",1,0,1,0
"Nqo1",0,0,1,0
"Nr1d1",0,0,0,1
"Nr1h3",0,0,0,1
"Nr2e1",0,0,0,1
"Nr4a1",1,0,0,0
"Nradd",0,0,0,1
"Nrbp2",0,1,0,1
"Nrep",0,1,0,1
"Nrn1",1,0,1,0
"Nrp1",1,0,0,0
"Nrp2",0,0,1,0
"Nrxn1",0,1,0,0
"Nrxn2",0,1,0,0
"Nscme3l",0,1,0,1
"Nsd2",0,0,1,0
"Nsdhl",1,0,1,0
"Nsg2",0,1,0,1
"Nsl1",1,0,1,0
"Nsun2",0,0,1,0
"Nt5e",0,1,0,1
"Ntn4",0,0,0,1
"Ntng2",0,1,0,0
"Ntrk3",0,1,0,1
"Nuak2",0,0,0,1
"Nucb2",0,0,1,0
"Nucks1",1,0,1,0
"Nudc",0,0,1,0
"Nudcd1",0,0,1,0
"Nudcd2",0,0,1,0
"Nudt1",0,0,1,0
"Nudt13",0,1,0,1
"Nudt15",0,0,1,0
"Nudt16",0,1,0,1
"Nuf2",1,0,1,0
"Numbl",0,1,0,1
"Nup107",1,0,1,0
"Nup133",1,0,1,0
"Nup155",1,0,1,0
"Nup188",0,0,1,0
"Nup205",1,0,1,0
"Nup210l",0,0,1,0
"Nup35",0,0,1,0
"Nup37",0,0,1,0
"Nup43",1,0,1,0
"Nup50",0,0,1,0
"Nup54",0,0,1,0
"Nup62",1,0,1,0
"Nup85",1,0,1,0
"Nup93",1,0,1,0
"Nupr1",0,0,1,0
"Nus1",0,0,1,0
"Nusap1",1,0,1,0
"Nutf2",1,0,1,0
"Nwd1",0,1,0,1
"Nxph4",0,0,1,0
"Nxt1",0,0,1,0
"Nynrin",0,1,0,1
"Nyx",0,1,0,1
"Oas1a",0,1,0,1
"Oas1b",0,1,0,1
"Oas1c",0,1,0,1
"Oas1g",0,1,0,0
"Oas2",0,1,0,0
"Oasl1",0,1,0,0
"Oasl2",0,1,0,1
"Odad3",0,0,0,1
"Odc1",1,0,1,0
"Odf2",0,0,1,0
"Ogdhl",0,1,0,1
"Ogn",0,1,0,1
"Ogt",0,1,0,1
"Oip5",1,0,1,0
"Olfm2",0,1,0,1
"Olfml1",0,1,0,1
"Olfml2a",0,1,0,1
"Olfml2b",0,0,0,1
"Olfml3",0,1,0,1
"Olig2",1,0,1,0
"Opcml",0,1,0,1
"Oplah",0,0,0,1
"Opn1sw",0,0,0,1
"Optn",0,1,0,1
"Or2ag2b",0,1,0,0
"Or2v1",0,1,0,0
"Or4c102",0,1,0,1
"Or4p4",0,1,0,1
"Orai3",0,1,0,1
"Orc1",1,0,1,0
"Orc2",1,0,1,0
"Orc6",1,0,1,0
"Orm3",0,1,0,0
"Ormdl2",0,0,1,0
"Os9",0,0,0,1
"Osbp2",0,0,0,1
"Osbpl6",1,0,1,0
"Osmr",0,1,0,1
"Osr2",0,1,0,1
"Ostc",0,0,1,0
"Ostn",0,1,0,0
"Otud1",1,0,1,0
"Otud4",1,0,1,0
"Otx1",0,0,0,1
"Oxct1",1,0,0,0
"Oxld1",0,1,0,1
"P2rx3",0,0,1,0
"P2rx5",0,0,0,1
"P2rx6",0,1,0,1
"P2ry2",0,0,1,0
"P3h3",0,0,0,1
"P4ha1",0,0,0,1
"Pa2g4",1,0,1,0
"Pabpc1l",0,0,0,1
"Pacrg",1,0,1,0
"Pacs2",0,0,0,1
"Pacsin1",0,1,0,1
"Paip1",0,0,1,0
"Pak3",0,0,0,1
"Pak4",0,0,1,0
"Palb2",1,0,1,0
"Palld",0,0,0,1
"Pals2",0,0,1,0
"Papln",0,0,0,1
"Pappa",0,1,0,1
"Pappa2",0,1,0,1
"Paqr7",0,1,0,1
"Pard6b",0,0,1,0
"Parm1",0,1,0,0
"Parp10",0,1,0,1
"Parp12",0,1,0,1
"Parp14",0,1,0,1
"Parp3",0,0,0,1
"Parp9",0,1,0,1
"Parpbp",1,0,1,0
"Parvb",1,0,1,0
"Pate14",1,0,1,0
"Patj",0,1,0,1
"Paxip1",0,0,1,0
"Paxx",0,1,0,1
"Pbdc1",0,0,1,0
"Pbk",1,0,1,0
"Pbld2",0,0,0,1
"Pbx4",0,1,0,1
"Pbxip1",0,1,0,1
"Pcdh18",1,0,1,0
"Pcdh19",0,1,0,0
"Pcdha9",0,1,0,1
"Pcdhb10",0,1,0,1
"Pcdhb11",0,1,0,1
"Pcdhb12",0,1,0,1
"Pcdhb13",0,1,0,1
"Pcdhb14",0,1,0,1
"Pcdhb15",0,1,0,1
"Pcdhb16",0,1,0,1
"Pcdhb17",0,1,0,1
"Pcdhb18",0,1,0,1
"Pcdhb19",0,1,0,1
"Pcdhb20",0,1,0,1
"Pcdhb21",0,1,0,1
"Pcdhb22",0,1,0,1
"Pcdhb3",0,1,0,1
"Pcdhb4",0,1,0,1
"Pcdhb5",0,1,0,1
"Pcdhb6",0,1,0,1
"Pcdhb7",0,1,0,1
"Pcdhb8",0,1,0,1
"Pcdhb9",0,1,0,1
"Pcdhga1",0,1,0,1
"Pcdhga12",0,1,0,1
"Pcdhga4",0,1,0,0
"Pcdhga6",0,1,0,1
"Pcdhgb8",0,1,0,1
"Pcdhgc3",0,0,0,1
"Pcdhgc5",0,0,0,1
"Pck2",0,0,1,0
"Pclaf",1,0,1,0
"Pcmtd1",0,0,0,1
"Pcmtd2",0,1,0,1
"Pcna",1,0,1,0
"Pcolce",0,0,0,1
"Pcolce2",1,0,1,0
"Pcsk4",0,1,0,1
"Pcsk9",1,0,1,0
"Pdap1",0,0,1,0
"Pdcd11",0,0,1,0
"Pdcd4",0,1,0,1
"Pde1b",0,0,0,1
"Pde2a",0,0,1,0
"Pde4a",0,1,0,1
"Pde4b",0,0,1,0
"Pde4d",0,1,0,1
"Pde8b",0,0,0,1
"Pdgfb",1,0,1,0
"Pdgfc",0,0,0,1
"Pdgfd",1,0,0,0
"Pdgfra",0,0,0,1
"Pdgfrb",0,1,0,1
"Pdia3",0,0,1,0
"Pdia4",1,0,1,0
"Pdia6",1,0,1,0
"Pdk1",0,1,0,1
"Pdk2",0,1,0,1
"Pdk4",0,1,0,1
"Pdlim1",1,0,0,0
"Pdlim2",0,0,0,1
"Pdlim7",1,0,1,0
"Pdp1",1,0,1,0
"Pdss1",1,0,1,0
"Pdxk",0,0,1,0
"Pdzd2",0,0,0,1
"Pdzd7",0,1,0,1
"Pdzk1",0,0,0,1
"Pdzk1ip1",0,0,0,1
"Pdzrn3",0,1,0,1
"Peak1",0,0,1,0
"Peg10",0,0,1,0
"Peli2",0,0,0,1
"Peli3",0,1,0,1
"Per1",0,0,0,1
"Per2",0,0,0,1
"Per3",0,1,0,1
"Perm1",0,1,0,1
"Pex5l",0,1,0,1
"Pex6",0,0,0,1
"Pfas",0,0,1,0
"Pfdn2",1,0,1,0
"Pfdn4",1,0,1,0
"Pfdn6",1,0,1,0
"Pfkfb2",0,0,0,1
"Pfkfb4",1,0,0,0
"Pgap6",0,1,0,1
"Pgf",0,0,1,0
"Pgm2l1",0,0,0,1
"Pgp",0,0,1,0
"Phactr1",0,0,0,1
"Phc2",0,0,1,0
"Pheta1",0,0,0,1
"Phex",0,0,1,0
"Phf10",0,0,1,0
"Phf11b",0,1,0,0
"Phf11d",0,1,0,0
"Phf19",1,0,1,0
"Phf21b",0,0,0,1
"Phf5a",0,0,1,0
"Phf7",0,0,0,1
"Phgdh",1,0,1,0
"Phkg1",0,0,0,1
"Phlda1",1,0,1,0
"Phyh",0,1,0,1
"Phyhd1",0,1,0,1
"Pi15",0,0,1,0
"Pianp",0,1,0,1
"Pidd1",0,0,0,1
"Pierce1",0,1,0,1
"Pierce2",0,1,0,1
"Pif1",1,0,1,0
"Piga",1,0,1,0
"Pigc",0,1,0,1
"Pigp",0,1,0,1
"Pik3ap1",0,0,1,0
"Pik3c2b",0,0,0,1
"Pik3ip1",0,1,0,1
"Pik3r1",0,0,0,1
"Pik3r2",0,0,0,1
"Pik3r3",0,1,0,1
"Pimreg",1,0,1,0
"Pin1",0,0,1,0
"Pink1",0,1,0,1
"Pinlyp",0,0,0,1
"Pinx1",0,0,1,0
"Pip5k1b",0,1,0,1
"Pip5kl1",0,0,0,1
"Pipox",0,1,0,1
"Pitpnc1",0,0,0,1
"Pitpnm2",0,0,0,1
"Pitpnm3",0,1,0,1
"Pkd2l2",0,1,0,1
"Pkmyt1",1,0,1,0
"Pkn3",1,0,1,0
"Pkp1",1,0,0,0
"Pla2g4c",0,0,1,0
"Plac8",1,0,1,0
"Plag1",0,0,0,1
"Plagl1",1,0,0,0
"Plat",0,0,1,0
"Plaur",1,0,1,0
"Plbd2",0,1,0,1
"Plcb2",0,1,0,0
"Plcb4",0,1,0,1
"Plcd1",0,0,0,1
"Plcd4",0,1,0,1
"Plce1",0,0,0,1
"Plch1",1,0,1,0
"Plch2",0,0,0,1
"Plcl1",1,0,0,0
"Pld3",0,1,0,1
"Plekha3",0,0,1,0
"Plekha4",0,1,0,1
"Plekha5",0,1,0,1
"Plekha7",0,0,0,1
"Plekhf1",0,0,0,1
"Plekhg5",0,1,0,1
"Plekhh1",0,0,1,0
"Plekhn1",0,1,0,1
"Plekho2",0,0,0,1
"Plet1",0,0,1,0
"Plin2",0,1,0,1
"Plin3",0,1,0,1
"Plin4",0,1,0,1
"Plin5",0,0,0,1
"Plk1",1,0,1,0
"Plk3",0,0,1,0
"Plk4",1,0,1,0
"Plp1",0,1,0,1
"Plppr2",0,0,0,1
"Plppr3",0,0,0,1
"Plscr1",0,0,1,0
"Plscr2",0,0,1,0
"Pltp",0,1,0,1
"Plxdc1",0,0,0,1
"Plxna2",0,0,0,1
"Plxna3",0,0,0,1
"Plxna4",0,0,0,1
"Plxnb1",0,0,0,1
"Plxnb3",0,1,0,1
"Plxnd1",1,0,1,0
"Pmf1",1,0,1,0
"Pmm1",0,1,0,1
"Pmp22",0,0,0,1
"Pmvk",1,0,1,0
"Pnma5",1,0,0,0
"Pnma8b",0,1,0,1
"Pno1",0,0,1,0
"Pnpla7",0,1,0,1
"Pnpt1",0,0,1,0
"Pnrc1",0,1,0,1
"Poc1a",1,0,1,0
"Podn",0,1,0,1
"Podnl1",1,0,1,0
"Podxl2",0,1,0,1
"Pofut2",0,0,1,0
"Pola1",1,0,1,0
"Pola2",1,0,1,0
"Pold1",1,0,1,0
"Pold2",0,0,1,0
"Pole",1,0,1,0
"Pole2",1,0,1,0
"Pole3",0,0,1,0
"Polg2",0,1,0,1
"Polh",0,0,1,0
"Polk",0,0,0,1
"Polm",0,0,0,1
"Polq",1,0,1,0
"Polr1a",0,0,1,0
"Polr1b",0,0,1,0
"Polr1e",1,0,1,0
"Polr3d",0,0,1,0
"Polr3e",0,0,1,0
"Polr3g",1,0,1,0
"Pop1",1,0,1,0
"Popdc3",0,0,1,0
"Porcn",0,1,0,1
"Postn",0,1,0,0
"Pou2f2",0,0,1,0
"Pou6f1",0,1,0,1
"Ppa1",1,0,1,0
"Ppan",0,0,1,0
"Ppara",0,0,0,1
"Ppargc1a",0,1,0,1
"Ppat",1,0,1,0
"Ppfibp2",0,1,0,1
"Ppid",0,0,1,0
"Ppif",0,0,1,0
"Ppih",1,0,1,0
"Ppil1",1,0,1,0
"Ppil6",0,0,0,1
"Ppip5k2",0,0,1,0
"Ppm1e",0,0,0,1
"Ppm1g",0,0,1,0
"Ppm1k",0,1,0,1
"Ppox",0,0,0,1
"Ppp1r14b",1,0,1,0
"Ppp1r16b",0,1,0,1
"Ppp1r1b",0,0,0,1
"Ppp1r27",0,0,0,1
"Ppp1r3c",0,1,0,1
"Ppp1r8",0,0,1,0
"Ppp2r2c",0,0,0,1
"Ppp3ca",0,0,0,1
"Pprc1",0,0,1,0
"Prag1",0,0,0,1
"Prc1",1,0,1,0
"Prdm1",0,0,0,1
"Prdm8",0,1,0,0
"Prelid3b",1,0,1,0
"Prelp",0,1,0,1
"Prep",0,0,1,0
"Prex1",0,0,0,1
"Prex2",1,0,1,0
"Prickle2",0,0,0,1
"Prim1",1,0,1,0
"Prim2",1,0,1,0
"Prkar2a",1,0,0,0
"Prkcb",0,0,1,0
"Prkce",0,1,0,1
"Prkcg",0,0,0,1
"Prkd2",0,1,0,1
"Prkg2",1,0,1,0
"Prl2c3",1,0,1,0
"Prlr",0,0,0,1
"Prmt1",0,0,1,0
"Prmt5",0,0,1,0
"Prmt7",1,0,1,0
"Prnp",0,1,0,1
"Prokr1",0,0,1,0
"Prokr2",1,0,1,0
"Pros1",0,1,0,1
"Proser2",0,0,0,1
"Prox1",1,0,1,0
"Prpf31",1,0,1,0
"Prps1",0,0,1,0
"Prr11",1,0,1,0
"Prr18",0,0,0,1
"Prr7",0,0,1,0
"Prrg2",0,1,0,1
"Prrg4",1,0,1,0
"Prrt2",0,1,0,1
"Prrx1",0,0,0,1
"Prss23",0,0,0,1
"Prss53",0,0,0,1
"Prtg",0,1,0,1
"Prune1",0,1,0,1
"Prx",0,0,0,1
"Prxl2a",1,0,1,0
"Psap",0,1,0,1
"Psat1",1,0,1,0
"Psd3",0,0,0,1
"Psma1",0,0,1,0
"Psma4",0,0,1,0
"Psma7",0,0,1,0
"Psmb8",0,1,0,1
"Psmb9",0,1,0,1
"Psmc4",0,0,1,0
"Psmd1",0,0,1,0
"Psmd11",0,0,1,0
"Psmd14",0,0,1,0
"Psmd7",0,0,1,0
"Psme3",1,0,1,0
"Psmg1",0,0,1,0
"Pspc1",0,0,0,1
"Psph",1,0,1,0
"Psrc1",0,0,0,1
"Ptbp1",0,0,1,0
"Ptcd3",0,0,1,0
"Ptchd1",0,0,1,0
"Ptchd4",0,0,1,0
"Ptgds",0,1,0,1
"Ptger4",0,0,1,0
"Ptges3",0,0,1,0
"Ptges3l",0,0,0,1
"Ptgs2",1,0,1,0
"Pthlh",1,0,1,0
"Ptma",0,0,1,0
"Ptp4a3",0,0,0,1
"Ptpdc1",0,0,0,1
"Ptpn5",1,0,1,0
"Ptpn6",0,0,1,0
"Ptprb",1,0,0,0
"Ptpre",0,0,0,1
"Ptprf",0,0,0,1
"Ptprn",1,0,1,0
"Ptprt",0,0,1,0
"Ptprv",0,1,0,1
"Pttg1",1,0,1,0
"Pum3",1,0,1,0
"Purb",0,0,1,0
"Pus7l",0,0,1,0
"Pvr",0,0,1,0
"Pwp1",0,0,1,0
"Pwp2",1,0,1,0
"Pwwp3b",1,0,0,0
"Pxmp4",0,0,0,1
"Pycr1",1,0,1,0
"Pygl",0,0,1,0
"Pygo1",0,1,0,1
"Qpct",0,0,1,0
"Qtrt2",0,0,1,0
"Rab11fip4",0,0,0,1
"Rab13",0,0,0,1
"Rab27b",1,0,1,0
"Rab30",1,0,0,0
"Rab32",1,0,0,0
"Rab34",0,0,0,1
"Rab36",0,0,0,1
"Rab39b",0,0,1,0
"Rab3d",0,0,0,1
"Rab3il1",0,1,0,1
"Rab40b",0,1,0,1
"Rabac1",0,1,0,0
"Rabgap1l",0,0,0,1
"Rabif",0,1,0,0
"Racgap1",1,0,1,0
"Rad18",1,0,1,0
"Rad50",0,0,1,0
"Rad51",1,0,1,0
"Rad51ap1",1,0,1,0
"Rad51b",1,0,1,0
"Rad54b",1,0,1,0
"Rad54l",1,0,1,0
"Rad9b",0,1,0,1
"Radx",0,0,1,0
"Raet1d",0,0,1,0
"Rai14",1,0,1,0
"Ralgds",0,1,0,1
"Ralgps1",0,1,0,1
"Ran",1,0,1,0
"Ranbp1",1,0,1,0
"Rangap1",1,0,1,0
"Rap1gap",1,0,1,0
"Rap2a",0,0,0,1
"Raph1",1,0,1,0
"Rapsn",0,1,0,1
"Rarb",0,0,1,0
"Rarres2",0,1,0,1
"Rasa2",0,0,1,0
"Rasa3",0,0,0,1
"Rasa4",0,0,0,1
"Rasgef1a",0,0,0,1
"Rasgef1b",0,1,0,0
"Rasl12",0,1,0,1
"Rassf4",0,1,0,1
"Rb1",0,0,0,1
"Rbbp8",1,0,1,0
"Rbl1",1,0,1,0
"Rbl2",0,0,0,1
"Rbm14",1,0,1,0
"Rbm19",1,0,1,0
"Rbm20",0,0,1,0
"Rbm24",0,1,0,1
"Rbm27",1,0,1,0
"Rbms3",0,0,0,1
"Rbmx2",1,0,1,0
"Rbpj",1,0,1,0
"Rcc1",1,0,1,0
"Rcc2",0,0,1,0
"Rcl1",0,0,1,0
"Rcsd1",0,0,0,1
"Rdh10",0,0,0,1
"Rdh5",0,0,0,1
"Rdh9",0,1,0,1
"Rdm1",0,1,0,1
"Recql4",1,0,1,0
"Reep2",0,1,0,1
"Reep4",0,0,1,0
"Reep6",0,0,1,0
"Relb",0,1,0,1
"Rell2",0,1,0,1
"Relt",0,0,1,0
"Repin1",0,1,0,0
"Resf1",0,1,0,1
"Ret",0,0,1,0
"Retreg3",0,1,0,0
"Rev3l",0,1,0,1
"Rexo2",0,0,1,0
"Rfc2",1,0,1,0
"Rfc3",1,0,1,0
"Rfc4",1,0,1,0
"Rfc5",1,0,1,0
"Rflnb",1,0,1,0
"Rfx2",0,0,0,1
"Rfx5",0,1,0,1
"Rgcc",0,1,0,1
"Rgma",0,1,0,1
"Rgs14",0,0,1,0
"Rgs19",0,0,1,0
"Rgs2",1,0,0,0
"Rgs7",1,0,1,0
"Rgs9bp",0,1,0,1
"Rhbdl1",0,0,0,1
"Rhbdl3",0,0,0,1
"Rhd",0,1,0,1
"Rhof",0,0,1,0
"Rhox5",1,0,1,0
"Rhpn1",0,0,0,1
"Rhpn2",1,0,1,0
"Ric3",0,0,1,0
"Rigi",0,1,0,1
"Rimbp2",1,0,0,0
"Rin1",1,0,1,0
"Rin2",0,1,0,1
"Riok2",0,0,1,0
"Ripor2",1,0,0,0
"Rmdn1",0,0,0,1
"Rmi2",1,0,1,0
"Rnase1",0,1,0,1
"Rnase4",0,1,0,1
"Rnasel",0,1,0,1
"Rnd1",1,0,1,0
"Rnd2",0,0,0,1
"Rnf122",0,1,0,1
"Rnf135",0,0,0,1
"Rnf144a",0,1,0,0
"Rnf144b",0,0,0,1
"Rnf145",1,0,1,0
"Rnf152",0,1,0,1
"Rnf167",0,1,0,1
"Rnf19b",1,0,1,0
"Rnf207",0,1,0,1
"Rnf213",0,1,0,0
"Rnf32",0,0,0,1
"Rom1",0,1,0,1
"Rora",0,1,0,1
"Rorc",0,1,0,1
"Rpa1",0,0,1,0
"Rpa2",1,0,1,0
"Rpf2",1,0,1,0
"Rpia",1,0,1,0
"Rpl39",0,1,0,0
"Rpl7l1",0,0,1,0
"Rpn1",1,0,1,0
"Rpn2",0,0,1,0
"Rpp30",0,0,1,0
"Rps21",0,1,0,0
"Rps27",0,1,0,0
"Rps27rt",0,1,0,0
"Rps6ka2",1,0,1,0
"Rps6ka3",0,0,1,0
"Rps6ka4",0,0,1,0
"Rps6ka6",1,0,1,0
"Rragd",0,0,0,1
"Rras",0,0,0,1
"Rras2",1,0,1,0
"Rrm1",1,0,1,0
"Rrm2",1,0,1,0
"Rrp12",1,0,1,0
"Rrp15",1,0,1,0
"Rrp1b",1,0,1,0
"Rrp9",0,0,1,0
"Rrs1",1,0,1,0
"Rsad2",0,1,0,0
"Rsph9",0,1,0,1
"Rsrp1",0,0,0,1
"Rtkn",0,0,0,1
"Rtkn2",1,0,1,0
"Rtl8c",0,0,0,1
"Rtn2",0,0,0,1
"Rtn4r",0,1,0,1
"Rtn4rl1",0,0,0,1
"Rtp4",0,1,0,1
"Rubcnl",0,1,0,1
"Rufy4",0,1,0,1
"Rundc3a",0,1,0,1
"Ruvbl1",1,0,1,0
"Ruvbl2",1,0,1,0
"Rwdd4a",0,0,1,0
"Ryr3",0,0,0,1
"S100a13",0,0,0,1
"S100a4",1,0,1,0
"S100a7a",0,1,0,1
"S1pr2",0,1,0,1
"Samd14",0,0,0,1
"Samd4b",0,0,1,0
"Samd9l",0,1,0,0
"Sapcd2",1,0,1,0
"Sardh",0,0,0,1
"Sarm1",0,0,0,1
"Sarnp",0,0,1,0
"Sash1",0,1,0,1
"Sash3",0,0,1,0
"Sass6",1,0,1,0
"Sbk2",0,1,0,1
"Sbk3",0,0,0,1
"Sbsn",0,0,0,1
"Sc5d",1,0,1,0
"Scand1",0,1,0,0
"Scara5",0,1,0,0
"Scd1",1,0,1,0
"Scd2",1,0,1,0
"Scd4",0,0,1,0
"Scg2",0,1,0,1
"Scml4",0,1,0,1
"Scn11a",0,1,0,0
"Scn1b",0,1,0,1
"Scn3b",0,0,0,1
"Scn5a",0,0,1,0
"Scnn1a",0,0,0,1
"Scx",0,1,0,1
"Sdad1",0,0,1,0
"Sdc2",0,1,0,1
"Sdc3",0,0,0,1
"Sdf2",0,1,0,1
"Sdf2l1",1,0,1,0
"Sdk2",0,1,0,1
"Sec1",0,0,1,0
"Sec11c",0,0,1,0
"Sec13",0,0,1,0
"Sec14l2",0,1,0,1
"Sec14l5",0,0,0,1
"Sec23b",0,0,1,0
"Sec24d",0,0,1,0
"Sec31b",0,1,0,1
"Sec61b",0,0,1,0
"Sele",1,0,1,0
"Selenbp1",0,1,0,1
"Selenoh",0,0,1,0
"Selenoi",0,0,1,0
"Selenom",0,0,0,1
"Selenop",0,1,0,1
"Selenos",0,0,1,0
"Selenow",0,0,0,1
"Selp",0,0,1,0
"Sema3b",0,1,0,1
"Sema3c",0,1,0,1
"Sema3e",1,0,0,0
"Sema3f",0,1,0,1
"Sema4d",0,1,0,0
"Sema4g",0,0,0,1
"Sema5a",0,1,0,0
"Sema5b",0,1,0,0
"Sema6a",0,1,0,0
"Sema6c",0,1,0,1
"Sema6d",1,0,1,0
"Senp1",0,0,1,0
"Sephs2",0,0,1,0
"Septin11",1,0,1,0
"Septin4",0,1,0,1
"Septin6",1,0,1,0
"Septin9",1,0,0,0
"Serhl",0,0,0,1
"Serinc1",0,0,0,1
"Serinc3",0,1,0,1
"Serinc4",0,0,0,1
"Serinc5",0,1,0,1
"Serp1",0,0,1,0
"Serpina11",0,0,0,1
"Serpina3i",0,0,0,1
"Serpina3k",0,1,0,1
"Serpina3m",0,1,0,1
"Serpina3n",0,1,0,1
"Serpinb1b",0,1,0,0
"Serpinb8",0,1,0,1
"Serpinb9",0,1,0,1
"Serpinb9b",1,0,1,0
"Serpine1",1,0,1,0
"Serpinf1",1,0,1,0
"Sertad4",0,0,0,1
"Sesn1",0,1,0,1
"Sesn3",0,1,0,1
"Sestd1",0,0,1,0
"Set",1,0,1,0
"Setbp1",0,1,0,1
"Setdb2",1,0,1,0
"Sf3a2",0,0,1,0
"Sf3b4",0,0,1,0
"Sfi1",0,0,0,1
"Sfpq",1,0,1,0
"Sfrp1",1,0,1,0
"Sfxn3",0,0,0,1
"Sfxn4",0,0,0,1
"Sfxn5",0,0,1,0
"Sgk2",0,0,1,0
"Sgk3",0,1,0,0
"Sgms2",0,0,1,0
"Sgo1",1,0,1,0
"Sgo2a",1,0,1,0
"Sgsm2",0,1,0,1
"Sh2d4a",0,0,1,0
"Sh2d4b",0,1,0,0
"Sh2d6",0,1,0,0
"Sh3bgrl2",1,0,1,0
"Sh3pxd2a",0,0,1,0
"Sh3yl1",0,0,1,0
"Shank1",0,1,0,0
"Shank2",0,1,0,1
"Shcbp1",1,0,1,0
"Shd",0,0,0,1
"Shf",0,0,0,1
"Shfl",0,1,0,0
"Shh",1,0,0,0
"Shmt1",1,0,0,0
"Shmt2",1,0,1,0
"Shpk",0,0,0,1
"Shroom2",0,0,0,1
"Shroom3",0,0,0,1
"Siae",0,1,0,1
"Siah1b",0,0,1,0
"Siah2",0,0,1,0
"Sigmar1",1,0,1,0
"Sipa1l2",0,0,0,1
"Sirt3",0,1,0,1
"Sirt5",0,1,0,1
"Six5",0,1,0,1
"Ska1",1,0,1,0
"Ska2",1,0,1,0
"Ska3",1,0,1,0
"Skap2",0,1,0,1
"Skp2",1,0,1,0
"Slbp",0,0,1,0
"Slc12a6",0,1,0,1
"Slc12a9",0,1,0,0
"Slc13a3",0,1,0,1
"Slc14a1",0,0,1,0
"Slc14a2",0,0,0,1
"Slc15a2",0,1,0,1
"Slc16a1",0,0,1,0
"Slc16a10",0,1,0,1
"Slc16a2",0,1,0,0
"Slc16a3",0,0,0,1
"Slc17a5",0,1,0,1
"Slc17a8",0,1,0,0
"Slc18a2",0,0,0,1
"Slc19a1",0,0,1,0
"Slc1a4",0,0,1,0
"Slc1a5",0,0,1,0
"Slc1a7",0,0,1,0
"Slc20a1",0,0,1,0
"Slc22a18",0,1,0,1
"Slc24a3",0,0,0,1
"Slc25a10",1,0,0,0
"Slc25a23",0,1,0,1
"Slc25a24",1,0,1,0
"Slc25a27",0,1,0,1
"Slc25a29",0,0,1,0
"Slc25a33",0,0,1,0
"Slc25a36",0,0,0,1
"Slc25a42",0,1,0,1
"Slc25a45",0,1,0,1
"Slc25a5",0,0,1,0
"Slc25a53",0,1,0,0
"Slc26a10",0,0,0,1
"Slc27a1",0,0,0,1
"Slc27a6",0,1,0,0
"Slc29a2",1,0,1,0
"Slc2a1",0,0,1,0
"Slc2a12",0,1,0,1
"Slc2a8",0,1,0,1
"Slc30a4",0,0,1,0
"Slc31a2",0,1,0,1
"Slc35a5",0,0,0,1
"Slc35b1",1,0,1,0
"Slc35f3",0,1,0,1
"Slc35g1",0,0,1,0
"Slc37a2",0,0,1,0
"Slc38a2",0,0,1,0
"Slc38a9",0,1,0,0
"Slc39a10",1,0,1,0
"Slc39a13",0,0,0,1
"Slc39a14",0,0,1,0
"Slc40a1",0,1,0,0
"Slc41a3",0,1,0,1
"Slc43a2",0,1,0,1
"Slc44a1",0,1,0,1
"Slc45a3",0,1,0,1
"Slc46a3",0,1,0,1
"Slc47a1",0,0,1,0
"Slc49a4",0,0,0,1
"Slc5a1",0,0,1,0
"Slc6a19",0,0,0,1
"Slc6a6",0,0,0,1
"Slc7a1",1,0,1,0
"Slc7a11",0,0,1,0
"Slc7a4",0,1,0,1
"Slc7a5",1,0,1,0
"Slc7a6",0,0,1,0
"Slc8b1",0,1,0,1
"Slc9a2",0,0,1,0
"Slc9a9",0,0,0,1
"Slco2b1",0,1,0,1
"Slco4a1",1,0,1,0
"Slco5a1",1,0,0,0
"Slf1",0,0,1,0
"Slfn3",0,0,1,0
"Slfn8",0,1,0,1
"Slfn9",1,0,1,0
"Slitrk6",0,1,0,1
"Slk",0,0,1,0
"Slpi",0,1,0,0
"Sltm",0,0,1,0
"Slx1b",0,1,0,1
"Smad6",0,0,0,1
"Smad9",0,0,0,1
"Smarca2",0,1,0,1
"Smc2",1,0,1,0
"Smc4",1,0,1,0
"Smim1",0,1,0,1
"Smim3",1,0,1,0
"Smn1",0,0,1,0
"Smox",0,0,0,1
"Smpd1",0,0,0,1
"Smpd3",1,0,1,0
"Smpd4",1,0,0,0
"Smpdl3b",1,0,1,0
"Sms",0,0,1,0
"Smtn",1,0,1,0
"Smurf1",0,0,1,0
"Smyd5",1,0,1,0
"Snai2",0,1,0,1
"Snca",1,0,0,0
"Snrk",0,1,0,1
"Snrnp25",1,0,1,0
"Snrnp40",1,0,1,0
"Snrpa1",1,0,1,0
"Snrpc",0,0,1,0
"Snrpd1",1,0,1,0
"Snrpd3",1,0,1,0
"Snrpf",1,0,1,0
"Sntb1",0,1,0,1
"Snx15",0,1,0,1
"Snx21",0,0,0,1
"Snx32",0,1,0,1
"Snx33",0,0,0,1
"Soat2",0,0,1,0
"Socs1",0,0,1,0
"Socs3",0,1,0,1
"Socs5",1,0,1,0
"Sorbs1",0,0,0,1
"Sorbs2",0,0,1,0
"Sorbs3",0,1,0,1
"Sorcs2",0,1,0,1
"Sord",0,1,0,1
"Sort1",0,1,0,1
"Sox12",0,1,0,1
"Sox21",0,1,0,1
"Sox4",0,0,0,1
"Sox5",0,0,0,1
"Sox6",0,1,0,1
"Sox8",0,0,1,0
"Sp100",0,1,0,1
"Sp140",0,1,0,0
"Sp6",0,1,0,1
"Sp8",0,0,1,0
"Spag5",1,0,1,0
"Spag6",0,1,0,1
"Sparcl1",0,0,0,1
"Spata2l",0,1,0,1
"Spc24",1,0,1,0
"Spc25",1,0,1,0
"Spcs2",0,0,1,0
"Spcs3",1,0,1,0
"Spdl1",1,0,1,0
"Specc1",0,0,1,0
"Speg",0,1,0,1
"Spink10",0,0,1,0
"Spire2",0,0,1,0
"Spn",0,1,0,1
"Spock1",0,1,0,1
"Spon1",0,1,0,0
"Spon2",0,0,0,1
"Spp1",0,0,1,0
"Sppl2a",0,1,0,0
"Spred1",0,0,0,1
"Spred3",0,0,0,1
"Sprr2d",1,0,1,0
"Spry2",1,0,1,0
"Spry4",1,0,1,0
"Spsb2",0,1,0,1
"Spsb4",0,0,1,0
"Sptb",0,0,0,1
"Sptbn4",1,0,1,0
"Spx",1,0,1,0
"Sqle",1,0,0,0
"Srebf2",1,0,0,0
"Srm",1,0,1,0
"Srpk1",1,0,1,0
"Srpk3",0,0,0,1
"Srsf1",0,0,1,0
"Srsf2",0,0,1,0
"Srsf3",0,0,1,0
"Srsf7",0,0,1,0
"Ssb",0,0,1,0
"Ssbp2",0,0,0,1
"Ssc5d",0,1,0,1
"Ssh3",0,0,0,1
"Sspn",0,0,0,1
"Ssr1",0,0,1,0
"Ssr2",0,0,1,0
"Ssrp1",1,0,1,0
"Sstr2",0,1,0,1
"Sstr5",0,0,1,0
"Ssx2ip",0,0,1,0
"St3gal1",1,0,1,0
"St3gal4",0,0,0,1
"St6gal1",0,0,0,1
"Stac3",0,0,0,1
"Stap2",0,1,0,1
"Star",0,0,0,1
"Stard10",0,0,0,1
"Stard4",1,0,1,0
"Stard9",0,0,0,1
"Stat1",0,1,0,1
"Stat2",0,1,0,0
"Stat3",0,1,0,1
"Stat5a",0,1,0,1
"Stat6",0,0,0,1
"Stc1",1,0,1,0
"Steap1",1,0,1,0
"Steap4",0,1,0,0
"Stil",1,0,1,0
"Stim1",0,0,0,1
"Sting1",0,1,0,1
"Stip1",1,0,1,0
"Stk39",1,0,0,0
"Stmn1",1,0,1,0
"Stn1",0,0,1,0
"Stoml1",0,1,0,1
"Stox1",0,0,0,1
"Stox2",1,0,1,0
"Stra6l",0,1,0,1
"Stt3a",0,0,1,0
"Sugct",0,1,0,1
"Sulf1",0,1,0,1
"Sulf2",0,1,0,1
"Sult2b1",0,0,1,0
"Suox",0,0,0,1
"Surf4",0,0,1,0
"Susd1",0,1,0,0
"Susd6",0,1,0,1
"Suv39h1",0,0,1,0
"Suv39h2",1,0,1,0
"Sv2a",0,1,0,1
"Svil",0,1,0,1
"Svop",0,1,0,1
"Swap70",1,0,1,0
"Sybu",0,0,1,0
"Syde1",1,0,1,0
"Syn1",1,0,1,0
"Syn3",0,0,0,1
"Sync",0,0,0,1
"Syncrip",1,0,1,0
"Syne3",1,0,0,0
"Syngap1",0,1,0,1
"Syngr3",0,1,0,1
"Synj2",1,0,1,0
"Synm",0,1,0,0
"Synpo",0,0,0,1
"Synpo2",0,0,0,1
"Syp",0,1,0,1
"Syt3",0,1,0,1
"Syt7",0,0,1,0
"Sytl1",0,0,0,1
"Sytl5",1,0,0,0
"Szrd1",0,0,1,0
"Tacc3",1,0,1,0
"Taf15",0,0,1,0
"Taf4b",0,0,1,0
"Taf5",0,0,1,0
"Taf6l",1,0,1,0
"Taf7l",0,0,1,0
"Taf9b",0,0,0,1
"Tagln2",1,0,1,0
"Tagln3",0,0,0,1
"Tamm41",1,0,1,0
"Tap1",0,1,0,1
"Tap2",0,1,0,1
"Tapbp",0,1,0,1
"Tardbp",0,0,1,0
"Tas1r1",0,0,0,1
"Tasor2",0,0,1,0
"Tatdn2",0,0,1,0
"Tatdn3",0,0,0,1
"Tbc1d1",1,0,1,0
"Tbc1d2",0,0,0,1
"Tbc1d30",0,0,1,0
"Tbc1d31",0,0,1,0
"Tbc1d8",0,0,0,1
"Tbc1d9",1,0,1,0
"Tbkbp1",0,1,0,0
"Tbrg4",0,0,1,0
"Tbx6",0,1,0,1
"Tcaf1",0,0,0,1
"Tcam1",0,0,1,0
"Tcea3",0,0,0,1
"Tcf19",1,0,1,0
"Tcf4",0,0,0,1
"Tcf7",0,0,0,1
"Tcn2",0,1,0,1
"Tcof1",1,0,1,0
"Tcp11l2",0,1,0,1
"Tcp11x2",0,1,0,1
"Tcta",0,1,0,1
"Tctn1",0,1,0,1
"Tdg",0,0,1,0
"Tdrd9",0,1,0,0
"Tead4",1,0,1,0
"Tec",0,0,0,1
"Tedc1",1,0,1,0
"Tek",0,1,0,1
"Tenm3",0,0,0,1
"Tenm4",0,1,0,0
"Tent5a",0,1,0,0
"Tep1",0,1,0,0
"Tes",1,0,1,0
"Tesc",0,1,0,1
"Tesmin",0,0,0,1
"Tet1",0,1,0,1
"Tex15",0,0,0,1
"Tex26",0,1,0,0
"Tex30",1,0,1,0
"Tfdp1",1,0,1,0
"Tfrc",0,0,1,0
"Tgfb1",0,1,0,1
"Tgfb1i1",0,0,0,1
"Tgfb2",0,1,0,1
"Tgfbi",0,1,0,1
"Tgfbr2",0,1,0,1
"Tgfbr3",0,1,0,1
"Tgfbr3l",0,1,0,1
"Tgif1",0,0,1,0
"Tgif2",0,1,0,1
"Tgm2",0,1,0,1
"Tgtp1",0,1,0,1
"Tgtp2",0,1,0,1
"Thap12",1,0,1,0
"Thbs3",0,0,0,1
"Thnsl2",0,0,0,1
"Thoc3",0,0,1,0
"Thop1",0,0,1,0
"Thpo",0,0,0,1
"Thra",0,1,0,1
"Thsd1",0,0,0,1
"Thsd4",0,1,0,1
"Thyn1",0,0,1,0
"Tia1",0,0,0,1
"Tiam2",0,1,0,0
"Ticrr",1,0,1,0
"Tifa",0,1,0,1
"Tigar",1,0,1,0
"Timeless",1,0,1,0
"Timm10",0,0,1,0
"Timm23",0,0,1,0
"Timm50",0,0,1,0
"Timm8a1",1,0,1,0
"Timp3",0,0,0,1
"Tinagl1",1,0,1,0
"Tinf2",1,0,1,0
"Tipin",1,0,1,0
"Tjp2",1,0,1,0
"Tk1",1,0,1,0
"Tkt",0,0,1,0
"Tlcd1",0,1,0,1
"Tlcd3a",0,0,1,0
"Tlcd4",0,0,1,0
"Tle2",0,1,0,1
"Tle6",0,1,0,1
"Tlr2",0,1,0,1
"Tlr3",0,1,0,0
"Tlr4",0,0,0,1
"Tlr6",0,1,0,1
"Tm4sf1",0,0,1,0
"Tm6sf2",0,0,0,1
"Tm7sf2",1,0,1,0
"Tma16",0,0,1,0
"Tmc4",0,0,0,1
"Tmco6",0,0,0,1
"Tmed5",0,0,1,0
"Tmem106a",0,1,0,0
"Tmem132b",0,1,0,0
"Tmem140",0,1,0,1
"Tmem143",0,0,0,1
"Tmem144",0,0,1,0
"Tmem145",0,0,0,1
"Tmem151a",0,1,0,1
"Tmem158",0,0,1,0
"Tmem171",1,0,1,0
"Tmem175",0,1,0,1
"Tmem176a",0,1,0,1
"Tmem176b",0,1,0,1
"Tmem182",0,1,0,1
"Tmem183a",0,0,1,0
"Tmem19",0,0,0,1
"Tmem191",0,0,0,1
"Tmem198b",0,0,0,1
"Tmem200a",1,0,1,0
"Tmem205",0,1,0,1
"Tmem218",0,1,0,1
"Tmem221",0,1,0,1
"Tmem229b",0,1,0,1
"Tmem240",0,1,0,1
"Tmem25",0,1,0,1
"Tmem253",0,0,0,1
"Tmem254",0,0,1,0
"Tmem255a",0,0,0,1
"Tmem276",0,1,0,1
"Tmem35b",0,1,0,1
"Tmem38a",0,1,0,1
"Tmem39b",0,0,1,0
"Tmem43",0,1,0,1
"Tmem44",0,1,0,1
"Tmem47",0,1,0,1
"Tmem50a",0,1,0,1
"Tmem50b",0,0,1,0
"Tmem53",0,1,0,1
"Tmem59",0,1,0,1
"Tmem67",0,1,0,1
"Tmem71",0,1,0,0
"Tmem74",0,0,1,0
"Tmem80",0,0,0,1
"Tmem86a",0,1,0,1
"Tmem8b",0,1,0,1
"Tmem97",1,0,1,0
"Tmem98",0,1,0,0
"Tmie",0,0,0,1
"Tmod1",0,1,0,0
"Tmod2",1,0,1,0
"Tmpo",1,0,1,0
"Tmprss2",0,1,0,1
"Tmtc1",0,1,0,1
"Tmub2",0,1,0,1
"Tnfaip2",1,0,1,0
"Tnfaip6",0,1,0,0
"Tnfaip8l1",1,0,1,0
"Tnfrsf12a",1,0,1,0
"Tnfrsf14",0,1,0,1
"Tnfrsf1a",0,1,0,0
"Tnfrsf1b",0,1,0,1
"Tnfrsf21",1,0,1,0
"Tnfrsf22",0,0,1,0
"Tnfrsf23",0,0,1,0
"Tnfrsf25",0,1,0,1
"Tnfsf12",0,1,0,1
"Tnfsf13",0,1,0,1
"Tnfsfm13",0,1,0,1
"Tnik",0,1,0,1
"Tnip1",0,0,0,1
"Tnnc1",0,1,0,1
"Tnnt1",0,1,0,1
"Tnnt2",1,0,1,0
"Tnr",0,0,0,1
"Tns1",0,0,1,0
"Tns2",0,0,0,1
"Tob1",0,0,0,1
"Tom1l1",0,0,1,0
"Tomm40",0,0,1,0
"Tomm5",0,0,1,0
"Tonsl",1,0,1,0
"Top2a",1,0,1,0
"Topbp1",1,0,1,0
"Tox3",0,1,0,1
"Tpcn1",0,1,0,1
"Tpk1",0,1,0,0
"Tpm3",1,0,1,0
"Tpm4",1,0,0,0
"Tpst2",0,0,1,0
"Tpx2",1,0,1,0
"Tra2a",0,0,1,0
"Traf3",0,0,1,0
"Traf3ip2",0,1,0,0
"Traf3ip3",0,1,0,1
"Trafd1",0,1,0,1
"Traip",1,0,1,0
"Tram1",0,0,1,0
"Trappc6a",0,1,0,0
"Trhde",1,0,1,0
"Trib1",1,0,0,0
"Trib3",0,0,1,0
"Trim12c",0,1,0,1
"Trim13",0,0,0,1
"Trim14",0,1,0,0
"Trim16",1,0,1,0
"Trim17",0,1,0,1
"Trim21",0,1,0,1
"Trim25",0,1,0,0
"Trim30a",0,1,0,1
"Trim34a",0,1,0,1
"Trim34b",0,1,0,1
"Trim36",1,0,0,0
"Trim47",0,0,1,0
"Trim5",0,1,0,0
"Trim54",1,0,1,0
"Trim59",1,0,1,0
"Trim66",0,0,1,0
"Trim7",0,0,0,1
"Trim9",1,0,1,0
"Trip13",1,0,1,0
"Triqk",0,0,0,1
"Trmt61a",0,0,1,0
"Trnp1",0,1,0,1
"Troap",1,0,1,0
"Trp53",0,0,1,0
"Trp53i11",0,1,0,0
"Trp53inp1",0,1,0,1
"Trp53inp2",0,0,0,1
"Trpm3",0,1,0,1
"Trpm4",0,1,0,1
"Trpt1",0,0,0,1
"Trpv2",0,0,0,1
"Trpv3",0,0,1,0
"Trub1",0,0,1,0
"Tsc22d3",0,0,0,1
"Tsga10",0,0,0,1
"Tshz1",0,0,0,1
"Tspan17",0,0,0,1
"Tspan2",0,0,1,0
"Tspan3",0,0,0,1
"Tspan32",0,1,0,1
"Tspan5",0,1,0,1
"Tspyl1",0,0,0,1
"Tspyl4",0,0,0,1
"Tsr1",1,0,1,0
"Tstd1",0,0,0,1
"Ttc38",0,0,0,1
"Ttc39b",1,0,1,0
"Ttc41",0,1,0,1
"Ttf2",0,0,1,0
"Ttk",1,0,1,0
"Ttll11",0,1,0,0
"Ttll13",0,1,0,1
"Ttll6",0,1,0,1
"Ttll7",0,0,0,1
"Tuba1b",1,0,1,0
"Tuba1c",1,0,1,0
"Tuba8",0,0,0,1
"Tubb2a",0,0,0,1
"Tubb2b",0,0,0,1
"Tubb3",1,0,1,0
"Tubb4a",0,1,0,1
"Tubb4b",1,0,1,0
"Tubb6",1,0,1,0
"Tube1",0,0,1,0
"Tubg1",1,0,1,0
"Tulp2",0,1,0,1
"Tulp4",0,0,0,1
"Twist2",1,0,1,0
"Txlnb",0,1,0,1
"Txn1",0,0,1,0
"Txndc11",0,0,1,0
"Txndc16",0,1,0,1
"Txnip",0,1,0,1
"Txnrd1",0,0,1,0
"Tyms",1,0,1,0
"Tyro3",0,0,0,1
"U2af1",0,0,1,0
"Uap1",0,0,1,0
"Uba7",0,1,0,1
"Ubash3b",1,0,1,0
"Ube2c",1,0,1,0
"Ube2f",0,0,1,0
"Ube2h",0,0,0,1
"Ube2l6",0,1,0,1
"Ube2n",1,0,0,0
"Ube2ql1",1,0,1,0
"Ube2s",1,0,1,0
"Ube2t",1,0,1,0
"Ubl4a",0,0,1,0
"Ublcp1",1,0,1,0
"Ubxn11",0,1,0,1
"Uchl3",0,0,1,0
"Uchl5",0,0,1,0
"Uck2",1,0,1,0
"Ufsp1",0,0,1,0
"Ugcg",0,0,0,1
"Ugdh",0,0,1,0
"Ugt1a6a",0,1,0,1
"Ugt1a6b",0,1,0,1
"Uhrf1",1,0,1,0
"Ulk2",0,0,0,1
"Umps",1,0,1,0
"Unc5a",0,0,1,0
"Unc93a2",0,1,0,0
"Ung",0,0,1,0
"Uqcc3",0,0,0,1
"Uqcrq",0,0,1,0
"Urb2",0,0,1,0
"Ush1g",0,0,0,1
"Ushbp1",0,0,0,1
"Uso1",1,0,1,0
"Usp1",1,0,1,0
"Usp10",1,0,1,0
"Usp11",0,1,0,1
"Usp17la",1,0,1,0
"Usp17le",1,0,0,0
"Usp18",0,1,0,1
"Usp35",0,0,0,1
"Usp36",0,0,1,0
"Usp39",0,0,1,0
"Usp44",0,0,1,0
"Usp50",0,0,1,0
"Utp18",0,0,1,0
"Utp6",1,0,1,0
"Utrn",0,0,0,1
"Uty",0,1,0,1
"Vamp1",0,1,0,1
"Vamp2",0,1,0,1
"Vcam1",0,0,0,1
"Vcan",0,0,0,1
"Vegfd",0,0,0,1
"Vgf",1,0,1,0
"Vill",0,0,0,1
"Vim",0,0,0,1
"Vipr2",0,1,0,1
"Vmac",0,0,0,1
"Vmn1r43",0,0,1,0
"Vmp1",0,1,0,0
"Vps37b",0,0,1,0
"Vps37d",0,1,0,1
"Vrk1",1,0,1,0
"Vsig10",0,1,0,1
"Vsig10l",0,1,0,1
"Vsir",0,1,0,1
"Vtn",0,0,0,1
"Vwa1",0,1,0,1
"Vwa5a",0,1,0,1
"Vwa7",0,1,0,1
"Vwf",0,1,0,1
"Wars1",0,0,1,0
"Wdhd1",1,0,1,0
"Wdr12",0,0,1,0
"Wdr13",0,0,0,1
"Wdr36",1,0,1,0
"Wdr43",1,0,1,0
"Wdr46",1,0,1,0
"Wdr5",0,0,1,0
"Wdr62",1,0,1,0
"Wdr74",0,0,1,0
"Wdr75",0,0,1,0
"Wdr76",1,0,1,0
"Wdr77",1,0,1,0
"Wdr83os",0,0,1,0
"Wdr90",0,0,1,0
"Wdr91",0,0,0,1
"Wdr93",0,1,0,1
"Wif1",1,0,1,0
"Wls",0,1,0,1
"Wnk3",1,0,1,0
"Wnk4",0,0,0,1
"Wnt2b",0,0,0,1
"Wnt4",0,0,0,1
"Wnt5b",0,0,0,1
"Wnt7a",1,0,1,0
"Wnt7b",1,0,1,0
"Wscd1",0,1,0,0
"Wtip",0,0,0,1
"Wwc1",1,0,1,0
"Wwtr1",0,0,1,0
"Xaf1",0,1,0,1
"Xbp1",0,0,1,0
"Xdh",0,1,0,1
"Xkr5",1,0,1,0
"Xlr3a",0,0,1,0
"Xntrpc",0,0,0,1
"Xpo1",0,0,1,0
"Xpo4",0,0,1,0
"Xpo5",1,0,1,0
"Xpot",0,0,1,0
"Xrcc2",1,0,1,0
"Xrcc3",0,0,1,0
"Xrcc6",1,0,1,0
"Yae1d1",0,0,1,0
"Ybx3",0,0,1,0
"Yipf2",0,1,0,1
"Ypel1",0,1,0,1
"Ypel2",0,1,0,1
"Ypel3",0,1,0,1
"Ypel4",0,1,0,1
"Yrdc",0,0,1,0
"Ythdc1",0,0,0,1
"Ywhag",1,0,1,0
"Ywhah",1,0,1,0
"Yy2",0,0,1,0
"Zbp1",0,1,0,1
"Zbtb20",0,0,0,1
"Zbtb4",0,0,0,1
"Zc3h6",0,1,0,1
"Zc3h8",0,0,1,0
"Zcchc12",0,1,0,1
"Zcchc24",0,1,0,1
"Zcwpw1",0,1,0,1
"Zdhhc2",0,0,1,0
"Zeb2",0,1,0,1
"Zer1",0,0,0,1
"Zfand1",0,0,0,1
"Zfand2a",0,0,1,0
"Zfand4",0,0,1,0
"Zfp101",1,0,1,0
"Zfp108",0,0,0,1
"Zfp112",0,0,0,1
"Zfp14",0,0,0,1
"Zfp174",0,0,0,1
"Zfp219",0,1,0,1
"Zfp229",0,0,0,1
"Zfp28",0,0,0,1
"Zfp287",0,0,0,1
"Zfp296",0,0,0,1
"Zfp30",0,0,0,1
"Zfp316",0,0,0,1
"Zfp354c",0,0,0,1
"Zfp36",0,1,0,1
"Zfp367",1,0,1,0
"Zfp36l1",0,1,0,1
"Zfp36l2",1,0,1,0
"Zfp455",0,0,0,1
"Zfp456",0,0,0,1
"Zfp467",0,1,0,1
"Zfp469",0,0,1,0
"Zfp473",0,0,1,0
"Zfp524",0,0,0,1
"Zfp53",0,1,0,0
"Zfp536",0,0,0,1
"Zfp579",0,0,0,1
"Zfp580",0,0,0,1
"Zfp593",0,0,1,0
"Zfp60",0,0,0,1
"Zfp607b",0,1,0,1
"Zfp608",0,1,0,1
"Zfp618",0,0,0,1
"Zfp655",0,1,0,0
"Zfp661",0,0,0,1
"Zfp667",0,0,0,1
"Zfp688",0,1,0,1
"Zfp708",0,0,0,1
"Zfp750",0,0,0,1
"Zfp773",0,1,0,1
"Zfp78",0,0,0,1
"Zfp784",0,1,0,1
"Zfp819",0,0,1,0
"Zfp850",0,0,1,0
"Zfp866",0,0,0,1
"Zfp874a",0,0,0,1
"Zfp874b",0,1,0,1
"Zfp879",0,0,0,1
"Zfp882",0,0,0,1
"Zfp945",0,0,0,1
"Zfp949",0,1,0,1
"Zfp954",0,1,0,1
"Zfp961",1,0,1,0
"Zfp964",0,1,0,1
"Zfp968",0,0,0,1
"Zfp969",0,1,0,0
"Zfp974",0,0,0,1
"Zfp977",0,1,0,1
"Zfp978",0,0,1,0
"Zfp979",0,0,1,0
"Zfr2",0,1,0,1
"Zfyve1",0,0,0,1
"Zgrf1",1,0,1,0
"Zhx1",0,0,0,1
"Zhx2",0,1,0,1
"Zkscan14",0,1,0,1
"Zkscan2",0,1,0,1
"Zmat1",0,0,0,1
"Zmiz1",1,0,1,0
"Zmym6",0,0,0,1
"Zmynd10",0,1,0,1
"Zmynd19",1,0,1,0
"Znhit6",0,0,1,0
"Znrd2",1,0,1,0
"Zscan2",0,1,0,1
"Zscan26",0,0,0,1
"Zscan4b",0,0,1,0
"Zscan4f",1,0,0,0
"Zwilch",1,0,1,0
